{"trial_id": "0024", "hyperparameters": {"space": [{"class_name": "Int", "config": {"name": "units_input", "default": null, "conditions": [], "min_value": 32, "max_value": 128, "step": 32, "sampling": "linear"}}, {"class_name": "Int", "config": {"name": "num_layers", "default": null, "conditions": [], "min_value": 1, "max_value": 3, "step": 1, "sampling": "linear"}}, {"class_name": "Int", "config": {"name": "units_0", "default": null, "conditions": [], "min_value": 32, "max_value": 128, "step": 32, "sampling": "linear"}}, {"class_name": "Boolean", "config": {"name": "dropout_0", "default": false, "conditions": []}}, {"class_name": "Float", "config": {"name": "learning_rate", "default": 1e-05, "conditions": [], "min_value": 1e-05, "max_value": 0.01, "step": null, "sampling": "log"}}, {"class_name": "Int", "config": {"name": "units_1", "default": null, "conditions": [], "min_value": 32, "max_value": 128, "step": 32, "sampling": "linear"}}, {"class_name": "Boolean", "config": {"name": "dropout_1", "default": false, "conditions": []}}, {"class_name": "Int", "config": {"name": "units_2", "default": null, "conditions": [], "min_value": 32, "max_value": 128, "step": 32, "sampling": "linear"}}, {"class_name": "Boolean", "config": {"name": "dropout_2", "default": false, "conditions": []}}], "values": {"units_input": 32, "num_layers": 3, "units_0": 96, "dropout_0": true, "learning_rate": 0.0037199527108007224, "units_1": 128, "dropout_1": true, "units_2": 32, "dropout_2": false, "tuner/epochs": 10, "tuner/initial_epoch": 4, "tuner/bracket": 1, "tuner/round": 1, "tuner/trial_id": "0022"}}, "metrics": {"metrics": {"loss": {"direction": "min", "observations": [{"value": [0.48316875100135803], "step": 3}]}, "mae": {"direction": "min", "observations": [{"value": [0.3947981595993042], "step": 3}]}, "val_loss": {"direction": "min", "observations": [{"value": [0.3606199324131012], "step": 3}]}, "val_mae": {"direction": "min", "observations": [{"value": [0.3542501926422119], "step": 3}]}}}, "score": 0.3606199324131012, "best_step": 3, "status": "COMPLETED", "message": null}