{"trial_id": "0016", "hyperparameters": {"space": [{"class_name": "Int", "config": {"name": "units_input", "default": null, "conditions": [], "min_value": 32, "max_value": 128, "step": 32, "sampling": "linear"}}, {"class_name": "Int", "config": {"name": "num_layers", "default": null, "conditions": [], "min_value": 1, "max_value": 3, "step": 1, "sampling": "linear"}}, {"class_name": "Int", "config": {"name": "units_0", "default": null, "conditions": [], "min_value": 32, "max_value": 128, "step": 32, "sampling": "linear"}}, {"class_name": "Boolean", "config": {"name": "dropout_0", "default": false, "conditions": []}}, {"class_name": "Float", "config": {"name": "learning_rate", "default": 1e-05, "conditions": [], "min_value": 1e-05, "max_value": 0.01, "step": null, "sampling": "log"}}, {"class_name": "Int", "config": {"name": "units_1", "default": null, "conditions": [], "min_value": 32, "max_value": 128, "step": 32, "sampling": "linear"}}, {"class_name": "Boolean", "config": {"name": "dropout_1", "default": false, "conditions": []}}, {"class_name": "Int", "config": {"name": "units_2", "default": null, "conditions": [], "min_value": 32, "max_value": 128, "step": 32, "sampling": "linear"}}, {"class_name": "Boolean", "config": {"name": "dropout_2", "default": false, "conditions": []}}], "values": {"units_input": 32, "num_layers": 3, "units_0": 128, "dropout_0": false, "learning_rate": 0.0038592183306755384, "units_1": 96, "dropout_1": false, "units_2": 64, "dropout_2": true, "tuner/epochs": 10, "tuner/initial_epoch": 4, "tuner/bracket": 2, "tuner/round": 2, "tuner/trial_id": "0012"}}, "metrics": {"metrics": {"loss": {"direction": "min", "observations": [{"value": [0.5093493461608887], "step": 5}]}, "mae": {"direction": "min", "observations": [{"value": [0.411148339509964], "step": 5}]}, "val_loss": {"direction": "min", "observations": [{"value": [0.3639114499092102], "step": 5}]}, "val_mae": {"direction": "min", "observations": [{"value": [0.3445056676864624], "step": 5}]}}}, "score": 0.3639114499092102, "best_step": 5, "status": "COMPLETED", "message": null}