Su,Sy,A5,Bhn,E,G,mu,Ro
421,314,39.0,126.0,207000,79000,0.3,7860
424,324,37.0,121.0,207000,79000,0.3,7860
386,284,37.0,111.0,207000,79000,0.3,7860
448,331,36.0,143.0,207000,79000,0.3,7860
441,346,35.8,131.0,207000,79000,0.3,7860
395,295,36.5,111.0,207000,79000,0.3,7860
503,359,35.0,149.0,207000,79000,0.3,7860
483,359,34.0,143.0,207000,79000,0.3,7860
450,317,35.0,137.0,207000,79000,0.3,7860
552,345,32.0,179.0,207000,79000,0.3,7860
517,345,32.0,149.0,207000,79000,0.3,7860
464,341,31.0,126.0,207000,79000,0.3,7860
848,648,17.0,495.0,207000,79000,0.3,7860
621,414,25.0,201.0,207000,79000,0.3,7860
590,374,28.0,170.0,207000,79000,0.3,7860
519,353,30.0,149.0,207000,79000,0.3,7860
779,593,19.0,262.0,207000,79000,0.3,7860
724,414,20.0,229.0,207000,79000,0.3,7860
748,427,20.0,217.0,207000,79000,0.3,7860
636,365,23.7,187.0,207000,79000,0.3,7860
979,724,14.0,321.0,207000,79000,0.3,7860
814,483,17.0,241.0,207000,79000,0.3,7860
776,421,18.0,229.0,207000,79000,0.3,7860
626,372,22.5,179.0,207000,79000,0.3,7860
1103,779,13.0,321.0,207000,79000,0.3,7860
965,586,12.0,293.0,207000,79000,0.3,7860
1010,524,11.0,293.0,207000,79000,0.3,7860
615,376,24.7,174.0,207000,79000,0.3,7860
1303,979,12.0,388.0,207000,79000,0.3,7860
965,572,9.0,293.0,207000,79000,0.3,7860
1014,500,9.5,293.0,207000,79000,0.3,7860
657,379,13.0,192.0,207000,79000,0.3,7860
1289,827,10.0,401.0,207000,79000,0.3,7860
487,305,33.0,143.0,207000,79000,0.3,7860
467,303,33.5,137.0,207000,79000,0.3,7860
429,279,32.8,121.0,207000,79000,0.3,7860
521,316,32.0,149.0,207000,79000,0.3,7860
477,319,33.5,143.0,207000,79000,0.3,7860
450,284,34.5,131.0,207000,79000,0.3,7860
627,379,28.0,192.0,207000,79000,0.3,7860
669,396,22.5,197.0,207000,79000,0.3,7860
584,345,26.8,174.0,207000,79000,0.3,7860
1082,938,5.0,352.0,207000,79000,0.3,7860
676,359,22.0,192.0,207000,79000,0.3,7860
707,405,22.7,201.0,207000,79000,0.3,7860
598,353,25.5,163.0,207000,79000,0.3,7860
1634,1213,6.0,461.0,207000,79000,0.3,7860
703,421,21.0,212.0,207000,79000,0.3,7860
667,400,21.0,197.0,207000,79000,0.3,7860
584,346,24.8,167.0,207000,79000,0.3,7860
876,627,17.0,277.0,207000,79000,0.3,7860
836,558,22.0,248.0,207000,79000,0.3,7860
703,436,25.5,207.0,207000,79000,0.3,7860
1806,1593,11.0,505.0,207000,79000,0.3,7860
891,600,19.7,262.0,207000,79000,0.3,7860
689,422,24.5,197.0,207000,79000,0.3,7860
1027,758,6.0,310.0,207000,79000,0.3,7860
1800,1662,12.0,516.0,207000,79000,0.3,7860
669,436,25.5,197.0,207000,79000,0.3,7860
560,360,28.2,156.0,207000,79000,0.3,7860
1627,1462,10.0,467.0,207000,79000,0.3,7860
1020,655,17.7,302.0,207000,79000,0.3,7860
655,417,25.7,197.0,207000,79000,0.3,7860
1772,1641,8.0,510.0,207000,79000,0.3,7860
1155,734,11.7,321.0,207000,79000,0.3,7860
729,379,20.2,197.0,207000,79000,0.3,7860
1931,1724,10.0,530.0,207000,79000,0.3,7860
793,464,20.8,235.0,207000,79000,0.3,7860
579,425,29.0,163.0,207000,79000,0.3,7860
1279,862,12.2,363.0,207000,79000,0.3,7860
745,472,22.0,217.0,207000,79000,0.3,7860
1875,1675,10.0,520.0,207000,79000,0.3,7860
574,366,29.0,174.0,207000,79000,0.3,7860
512,372,31.3,149.0,207000,79000,0.3,7860
755,484,24.0,229.0,207000,79000,0.3,7860
681,464,22.3,197.0,207000,79000,0.3,7860
1744,1407,9.0,482.0,207000,79000,0.3,7860
1613,1517,10.0,475.0,207000,79000,0.3,7860
793,472,22.7,229.0,207000,79000,0.3,7860
572,293,28.6,167.0,207000,79000,0.3,7860
1793,1641,9.0,490.0,207000,79000,0.3,7860
870,529,20.7,255.0,207000,79000,0.3,7860
676,357,22.0,197.0,207000,79000,0.3,7860
1944,1731,5.0,525.0,207000,79000,0.3,7860
957,531,17.5,269.0,207000,79000,0.3,7860
722,276,17.2,197.0,207000,79000,0.3,7860
2220,1793,4.0,627.0,207000,79000,0.3,7860
939,615,21.8,269.0,207000,79000,0.3,7860
667,412,23.0,197.0,207000,79000,0.3,7860
1931,1689,8.0,538.0,207000,79000,0.3,7860
633,357,26.3,183.0,207000,79000,0.3,7860
536,385,31.3,149.0,207000,79000,0.3,7860
650,429,23.5,187.0,207000,79000,0.3,7860
564,372,29.0,156.0,207000,79000,0.3,7860
1641,1503,9.0,465.0,207000,79000,0.3,7860
1862,1669,10.0,505.0,207000,79000,0.3,7860
1024,688,14.0,302.0,207000,79000,0.3,7860
715,386,22.5,212.0,207000,79000,0.3,7860
1937,1675,10.0,525.0,207000,79000,0.3,7860
1634,1551,13.0,460.0,207000,79000,0.3,7860
929,607,16.0,269.0,207000,79000,0.3,7860
695,415,22.2,201.0,207000,79000,0.3,7860
1999,1655,10.0,578.0,207000,79000,0.3,7860
933,579,19.7,269.0,207000,79000,0.3,7860
774,486,21.7,229.0,207000,79000,0.3,7860
2103,2048,1.0,601.0,207000,79000,0.3,7860
1758,1503,8.0,470.0,207000,79000,0.3,7860
907,571,18.8,269.0,207000,79000,0.3,7860
820,440,17.3,241.0,207000,79000,0.3,7860
793,379,55.0,170.0,193000,743000,0.3,8030
862,517,20.0,170.0,193000,743000,0.3,8030
1034,758,10.0,170.0,193000,743000,0.3,8030
1207,931,5.0,170.0,193000,743000,0.3,8030
1276,965,4.0,170.0,193000,743000,0.3,8030
724,379,55.0,170.0,193000,743000,0.3,8030
862,517,12.0,170.0,193000,743000,0.3,8030
758,276,60.0,165.0,193000,743000,0.3,8030
862,517,25.0,170.0,193000,743000,0.3,8030
1034,758,15.0,170.0,193000,743000,0.3,8030
1207,931,12.0,170.0,193000,743000,0.3,8030
1276,965,8.0,170.0,193000,743000,0.3,8030
621,255,55.0,155.0,193000,743000,0.3,8030
862,517,12.0,170.0,193000,743000,0.3,8030
655,276,50.0,165.0,193000,743000,0.3,8030
621,241,50.0,160.0,193000,743000,0.3,8030
586,241,55.0,150.0,193000,743000,0.3,8030
552,207,55.0,140.0,193000,743000,0.3,8030
586,255,55.0,156.0,193000,743000,0.3,8030
586,241,55.0,150.0,193000,743000,0.3,8030
621,276,45.0,165.0,193000,743000,0.3,8030
655,276,45.0,170.0,193000,743000,0.3,8030
689,345,45.0,170.0,193000,743000,0.3,8030
586,241,55.0,150.0,193000,743000,0.3,8030
538,207,55.0,145.0,193000,743000,0.3,8030
621,276,50.0,160.0,193000,743000,0.3,8030
600,241,55.0,150.0,193000,743000,0.3,8030
634,241,50.0,160.0,193000,743000,0.3,8030
634,241,50.0,160.0,193000,743000,0.3,8030
517,276,30.0,155.0,200000,769000,0.3,8030
1310,1000,15.0,390.0,200000,769000,0.3,8030
483,276,30.0,150.0,200000,769000,0.3,8030
517,276,30.0,155.0,200000,769000,0.3,8030
1310,1000,15.0,390.0,200000,769000,0.3,8030
827,655,17.0,235.0,200000,769000,0.3,8030
1379,1034,15.0,415.0,200000,769000,0.3,8030
517,276,30.0,155.0,200000,769000,0.3,8030
1310,1000,15.0,390.0,200000,769000,0.3,8030
655,345,25.0,195.0,200000,769000,0.3,8030
1586,1344,8.0,500.0,200000,769000,0.3,8030
517,310,30.0,155.0,200000,769000,0.3,8030
552,379,25.0,170.0,200000,769000,0.3,8030
862,655,20.0,260.0,200000,769000,0.3,8030
1413,1069,15.0,415.0,200000,769000,0.3,8030
724,414,20.0,215.0,200000,769000,0.3,8030
1793,1655,5.0,510.0,200000,769000,0.3,8030
758,448,13.0,230.0,200000,769000,0.3,8030
1965,1896,2.0,580.0,200000,769000,0.3,8030
552,345,23.0,170.0,200000,769000,0.3,8030
483,207,28.0,160.0,200000,769000,0.3,8030
483,207,30.0,150.0,200000,769000,0.3,8030
138,138,16.0,170.0,80000,32000,0.25,7160
172,172,16.0,170.0,98000,39000,0.25,7160
207,207,16.0,170.0,100000,40000,0.25,7160
241,241,16.0,170.0,110000,44000,0.25,7160
276,276,16.0,170.0,117000,47000,0.25,7160
345,345,16.0,170.0,124000,50000,0.25,7160
414,414,16.0,170.0,137000,55000,0.25,7160
276,207,16.0,170.0,172000,68000,0.27,7160
414,317,16.0,170.0,172000,68000,0.27,7160
552,427,16.0,170.0,172000,68000,0.27,7160
689,538,16.0,170.0,172000,68000,0.27,7160
414,276,16.0,170.0,159000,66000,0.2,7160
552,365,16.0,170.0,159000,66000,0.2,7160
689,455,16.0,170.0,159000,66000,0.2,7160
827,552,16.0,170.0,159000,66000,0.2,7160
172,62,40.0,170.0,108000,40000,0.35,8930
365,248,11.0,170.0,108000,40000,0.35,8930
352,276,17.0,170.0,108000,40000,0.35,8930
634,469,8.0,170.0,108000,40000,0.35,8930
221,69,35.0,170.0,100000,37000,0.34,8500
241,69,30.0,170.0,100000,37000,0.34,8500
255,117,30.0,170.0,100000,37000,0.34,8500
241,110,25.0,170.0,100000,37000,0.34,8500
241,97,27.0,170.0,100000,37000,0.34,8500
234,97,26.0,170.0,100000,37000,0.34,8500
241,97,28.0,170.0,100000,37000,0.34,8500
241,97,30.0,170.0,100000,37000,0.34,8500
262,90,35.0,170.0,100000,37000,0.34,8500
234,83,35.0,170.0,100000,37000,0.34,8500
414,159,40.0,170.0,100000,37000,0.34,8500
345,124,40.0,170.0,100000,37000,0.34,8500
379,207,15.0,170.0,100000,37000,0.34,8500
655,345,20.0,170.0,120000,45000,0.31,8800
655,331,20.0,170.0,120000,45000,0.31,8800
793,572,15.0,170.0,120000,45000,0.31,8800
448,172,20.0,170.0,120000,45000,0.31,8800
490,193,30.0,170.0,120000,45000,0.31,8800
586,290,20.0,170.0,120000,45000,0.31,8800
565,262,22.0,170.0,120000,45000,0.31,8800
379,172,30.0,170.0,120000,45000,0.31,8800
379,165,30.0,170.0,120000,45000,0.31,8800
462,207,21.0,170.0,120000,45000,0.31,8800
455,221,20.0,170.0,120000,45000,0.31,8800
586,345,25.0,170.0,120000,45000,0.31,8800
483,241,25.0,170.0,120000,45000,0.31,8800
262,110,30.0,170.0,120000,45000,0.31,8800
310,145,30.0,170.0,120000,45000,0.31,8800
310,152,25.0,170.0,120000,45000,0.31,8800
303,152,20.0,170.0,120000,45000,0.31,8800
276,138,15.0,170.0,120000,45000,0.31,8800
221,172,2.0,170.0,120000,45000,0.31,8800
241,172,2.0,170.0,120000,45000,0.31,8800
241,207,0.5,170.0,120000,45000,0.31,8800
303,152,16.0,170.0,120000,45000,0.31,8800
303,152,16.0,170.0,120000,45000,0.31,8800
276,138,30.0,170.0,120000,45000,0.31,8800
276,138,25.0,170.0,120000,45000,0.31,8800
303,138,20.0,170.0,120000,45000,0.31,8800
303,138,30.0,170.0,120000,45000,0.31,8800
290,145,20.0,170.0,120000,45000,0.31,8800
276,207,1.0,170.0,120000,45000,0.31,8800
324,179,20.0,170.0,120000,45000,0.31,8800
241,124,20.0,170.0,120000,45000,0.31,8800
221,110,20.0,170.0,120000,45000,0.31,8800
221,110,20.0,170.0,120000,45000,0.31,8800
241,124,20.0,170.0,120000,45000,0.31,8800
207,110,18.0,170.0,120000,45000,0.31,8800
221,152,7.0,170.0,120000,45000,0.31,8800
186,90,15.0,170.0,120000,45000,0.31,8800
221,110,18.0,170.0,120000,45000,0.31,8800
172,83,12.0,170.0,120000,45000,0.31,8800
345,159,35.0,170.0,120000,45000,0.31,8800
310,159,35.0,170.0,120000,45000,0.31,8800
552,186,35.0,170.0,120000,45000,0.32,8800
517,186,25.0,170.0,120000,45000,0.32,8800
586,241,18.0,170.0,120000,45000,0.32,8800
689,303,12.0,170.0,120000,45000,0.32,8800
517,234,18.0,170.0,120000,45000,0.32,8800
655,310,26.0,170.0,120000,45000,0.32,8800
655,262,25.0,170.0,120000,45000,0.32,8800
310,172,20.0,170.0,100000,37000,0.34,8500
517,379,10.0,170.0,100000,37000,0.34,8500
469,255,28.0,170.0,100000,37000,0.34,8500
758,483,7.0,170.0,100000,37000,0.34,8500
241,117,20.0,170.0,100000,37000,0.34,8500
262,117,20.0,170.0,100000,37000,0.34,8500
310,165,20.0,170.0,100000,37000,0.34,8500
379,207,15.0,170.0,100000,37000,0.34,8500
655,379,2.0,170.0,100000,37000,0.34,8500
455,234,25.0,170.0,100000,37000,0.34,8500
483,276,12.0,170.0,100000,37000,0.34,8500
379,172,25.0,170.0,100000,37000,0.34,8500
448,221,30.0,170.0,100000,37000,0.34,8500
221,69,55.0,170.0,108000,40000,0.35,8930
200,41,54.0,170.0,108000,40000,0.35,8930
276,124,40.0,170.0,108000,40000,0.35,8930
359,303,27.0,170.0,108000,40000,0.35,8930
441,372,25.0,170.0,108000,40000,0.35,8930
483,448,22.0,170.0,108000,40000,0.35,8930
241,48,57.0,170.0,108000,40000,0.35,8930
276,97,53.0,170.0,108000,40000,0.35,8930
483,221,45.0,170.0,108000,40000,0.35,8930
469,172,48.0,170.0,108000,40000,0.35,8930
310,172,28.0,170.0,108000,40000,0.35,8930
234,97,40.0,170.0,108000,40000,0.35,8930
262,62,48.0,170.0,108000,40000,0.35,8930
262,138,50.0,170.0,108000,40000,0.35,8930
248,69,27.0,170.0,108000,40000,0.35,8930
255,76,40.0,170.0,108000,40000,0.35,8930
310,165,32.0,170.0,108000,40000,0.35,8930
552,448,15.0,170.0,108000,40000,0.35,8930
234,69,45.0,170.0,108000,40000,0.35,8930
255,69,50.0,170.0,105000,40000,0.32,8800
269,69,55.0,170.0,105000,40000,0.32,8800
290,83,55.0,170.0,105000,40000,0.32,8800
303,76,66.0,170.0,105000,40000,0.32,8800
317,97,65.0,170.0,105000,40000,0.32,8800
372,145,52.0,170.0,105000,40000,0.32,8800
255,83,45.0,170.0,105000,40000,0.32,8800
324,103,60.0,170.0,105000,40000,0.32,8800
338,117,52.0,170.0,105000,40000,0.32,8800
310,90,66.0,170.0,105000,40000,0.32,8800
372,138,45.0,170.0,105000,40000,0.32,8800
414,138,30.0,170.0,105000,40000,0.32,8800
269,83,49.0,170.0,105000,40000,0.32,8800
290,90,43.0,170.0,105000,40000,0.32,8800
269,76,43.0,170.0,105000,40000,0.32,8800
283,83,45.0,170.0,105000,40000,0.32,8800
317,117,44.0,170.0,105000,40000,0.32,8800
296,103,46.0,170.0,105000,40000,0.32,8800
310,124,49.0,170.0,105000,40000,0.32,8800
317,124,55.0,170.0,105000,40000,0.32,8800
310,103,49.0,170.0,105000,40000,0.32,8800
317,110,46.0,170.0,105000,40000,0.32,8800
331,124,65.0,170.0,105000,40000,0.32,8800
379,172,50.0,170.0,105000,40000,0.32,8800
386,172,43.0,170.0,105000,40000,0.32,8800
393,172,40.0,170.0,105000,40000,0.32,8800
276,97,48.0,170.0,105000,40000,0.32,8800
324,131,64.0,170.0,105000,40000,0.32,8800
317,345,48.0,170.0,105000,40000,0.32,8800
379,165,70.0,170.0,105000,40000,0.32,8800
455,193,70.0,170.0,105000,40000,0.32,8800
303,131,50.0,170.0,105000,40000,0.32,8800
414,186,55.0,170.0,105000,40000,0.32,8800
359,117,45.0,170.0,105000,40000,0.32,8800
483,207,42.0,170.0,105000,40000,0.32,8800
524,228,45.0,170.0,105000,40000,0.32,8800
483,152,55.0,170.0,105000,40000,0.32,8800
552,269,28.0,170.0,105000,40000,0.32,8800
634,338,30.0,170.0,105000,40000,0.32,8800
517,241,35.0,170.0,105000,40000,0.32,8800
621,276,18.0,170.0,105000,40000,0.32,8800
689,379,21.0,170.0,105000,40000,0.32,8800
621,345,20.0,170.0,105000,40000,0.32,8800
621,310,25.0,170.0,105000,40000,0.32,8800
565,372,36.0,170.0,105000,40000,0.32,8800
517,241,32.0,170.0,105000,40000,0.32,8800
276,103,55.0,170.0,105000,40000,0.32,8800
386,145,63.0,170.0,105000,40000,0.32,8800
316,83,60.0,170.0,105000,40000,0.32,8800
483,234,28.0,170.0,105000,40000,0.32,8800
448,207,33.0,170.0,105000,40000,0.32,8800
414,186,55.0,170.0,105000,40000,0.32,8800
565,379,36.0,170.0,105000,40000,0.32,8800
565,359,35.0,170.0,105000,40000,0.32,8800
552,276,25.0,170.0,105000,40000,0.32,8800
262,276,46.0,170.0,105000,40000,0.32,8800
303,110,42.0,170.0,105000,40000,0.32,8800
338,90,40.0,170.0,105000,40000,0.32,8800
372,138,45.0,170.0,105000,40000,0.32,8800
317,124,46.0,170.0,105000,40000,0.32,8800
379,152,35.0,170.0,105000,40000,0.32,8800
345,103,37.0,170.0,105000,40000,0.32,8800
338,124,50.0,170.0,105000,40000,0.32,8800
386,172,45.0,170.0,105000,40000,0.32,8800
365,124,43.0,170.0,105000,40000,0.32,8800
359,124,48.0,170.0,105000,40000,0.32,8800
621,586,6.0,170.0,105000,40000,0.32,8800
414,186,40.0,170.0,105000,40000,0.32,8800
365,159,40.0,170.0,105000,40000,0.32,8800
414,345,3.0,110.0,73000,26000,0.33,2700
310,193,6.0,170.0,73000,26000,0.33,2700
131,83,1.5,40.0,73000,26000,0.33,2700
221,138,16.0,90.0,73000,26000,0.33,2700
165,90,1.0,60.0,73000,26000,0.33,2700
200,90,6.0,45.0,73000,26000,0.33,2700
221,138,3.0,60.0,73000,26000,0.33,2700
248,193,16.0,80.0,73000,26000,0.33,2700
200,110,3.0,55.0,73000,26000,0.33,2700
159,90,1.5,55.0,73000,26000,0.33,2700
214,138,1.5,65.0,73000,26000,0.33,2700
172,97,1.0,45.0,73000,26000,0.33,2700
234,145,1.0,65.0,73000,26000,0.33,2700
172,124,16.0,50.0,73000,26000,0.33,2700
221,138,2.0,70.0,73000,26000,0.33,2700
207,152,16.0,60.0,73000,26000,0.33,2700
248,172,2.5,75.0,73000,26000,0.33,2700
159,110,16.0,45.0,73000,26000,0.33,2700
207,138,3.0,55.0,73000,26000,0.33,2700
214,200,16.0,60.0,73000,26000,0.33,2700
172,124,3.0,45.0,73000,26000,0.33,2700
234,165,3.5,70.0,73000,26000,0.33,2700
117,48,3.0,25.0,73000,26000,0.33,2700
117,41,3.0,25.0,73000,26000,0.33,2700
117,69,16.0,35.0,73000,26000,0.33,2700
152,62,6.0,35.0,73000,26000,0.33,2700
290,152,12.0,60.0,73000,26000,0.33,2700
241,124,9.0,60.0,73000,26000,0.33,2700
207,117,5.0,50.0,73000,26000,0.33,2700
228,152,2.0,70.0,73000,26000,0.33,2700
255,207,1.0,65.0,73000,26000,0.33,2700
221,138,2.0,60.0,73000,26000,0.33,2700
234,172,4.0,60.0,73000,26000,0.33,2700
221,152,3.0,60.0,73000,26000,0.33,2700
290,262,1.5,85.0,73000,26000,0.33,2700
221,186,3.0,70.0,73000,26000,0.33,2700
248,207,1.5,70.0,73000,26000,0.33,2700
248,186,1.5,170.0,73000,26000,0.33,2700
290,241,5.0,75.0,73000,26000,0.33,2700
331,310,2.0,105.0,73000,26000,0.33,2700
165,124,16.0,45.0,73000,26000,0.33,2700
69,28,43.0,19.0,73000,26000,0.33,2700
83,76,16.0,23.0,73000,26000,0.33,2700
97,90,12.0,26.0,73000,26000,0.33,2700
110,103,8.0,30.0,73000,26000,0.33,2700
131,124,6.0,35.0,73000,26000,0.33,2700
90,34,35.0,23.0,73000,26000,0.33,2700
110,103,12.0,28.0,73000,26000,0.33,2700
124,117,9.0,32.0,73000,26000,0.33,2700
145,138,6.0,38.0,73000,26000,0.33,2700
165,152,5.0,44.0,73000,26000,0.33,2700
83,28,16.0,170.0,73000,26000,0.33,2700
97,83,16.0,170.0,73000,26000,0.33,2700
110,97,16.0,170.0,73000,26000,0.33,2700
124,110,16.0,170.0,73000,26000,0.33,2700
186,165,16.0,170.0,73000,26000,0.33,2700
379,296,15.0,95.0,73000,26000,0.33,2700
407,310,12.0,100.0,73000,26000,0.33,2700
186,97,18.0,45.0,73000,26000,0.33,2700
427,290,20.0,105.0,73000,26000,0.33,2700
427,290,20.0,105.0,73000,26000,0.33,2700
483,414,13.0,135.0,73000,26000,0.33,2700
483,414,13.0,135.0,73000,26000,0.33,2700
172,69,21.0,170.0,73000,26000,0.33,2700
434,276,20.0,170.0,73000,26000,0.33,2700
421,255,22.0,170.0,73000,26000,0.33,2700
421,255,22.0,170.0,73000,26000,0.33,2700
469,414,10.0,170.0,73000,26000,0.33,2700
469,414,10.0,170.0,73000,26000,0.33,2700
179,69,22.0,45.0,73000,26000,0.33,2700
427,276,22.0,105.0,73000,26000,0.33,2700
427,276,22.0,105.0,73000,26000,0.33,2700
421,317,12.0,120.0,73000,26000,0.33,2700
186,76,20.0,47.0,73000,26000,0.33,2700
483,345,18.0,120.0,73000,26000,0.33,2700
469,324,20.0,120.0,73000,26000,0.33,2700
469,324,20.0,120.0,73000,26000,0.33,2700
496,393,13.0,130.0,73000,26000,0.33,2700
179,76,20.0,170.0,73000,26000,0.33,2700
448,310,18.0,170.0,73000,26000,0.33,2700
441,290,19.0,170.0,73000,26000,0.33,2700
441,290,19.0,170.0,73000,26000,0.33,2700
462,365,11.0,170.0,73000,26000,0.33,2700
448,414,6.0,170.0,73000,26000,0.33,2700
448,414,6.0,170.0,73000,26000,0.33,2700
483,455,6.0,170.0,73000,26000,0.33,2700
400,255,19.0,110.0,73000,26000,0.33,2700
338,193,24.0,170.0,73000,26000,0.33,2700
296,165,27.0,70.0,73000,26000,0.33,2700
331,255,11.0,95.0,73000,26000,0.33,2700
172,76,18.0,170.0,73000,26000,0.33,2700
359,186,20.0,170.0,73000,26000,0.33,2700
359,248,17.0,170.0,73000,26000,0.33,2700
359,248,17.0,170.0,73000,26000,0.33,2700
393,317,11.0,170.0,73000,26000,0.33,2700
414,290,10.0,170.0,73000,26000,0.33,2700
455,352,10.0,170.0,73000,26000,0.33,2700
455,352,10.0,170.0,73000,26000,0.33,2700
476,393,10.0,170.0,73000,26000,0.33,2700
110,41,30.0,28.0,73000,26000,0.33,2700
131,124,10.0,35.0,73000,26000,0.33,2700
152,145,8.0,40.0,73000,26000,0.33,2700
179,172,5.0,47.0,73000,26000,0.33,2700
200,186,4.0,55.0,73000,26000,0.33,2700
110,41,30.0,170.0,73000,26000,0.33,2700
131,124,10.0,170.0,73000,26000,0.33,2700
152,145,8.0,170.0,73000,26000,0.33,2700
179,172,5.0,170.0,73000,26000,0.33,2700
200,186,4.0,170.0,73000,26000,0.33,2700
179,69,20.0,45.0,73000,26000,0.33,2700
214,172,10.0,52.0,73000,26000,0.33,2700
241,200,9.0,63.0,73000,26000,0.33,2700
262,228,5.0,70.0,73000,26000,0.33,2700
283,248,5.0,77.0,73000,26000,0.33,2700
179,69,20.0,170.0,73000,26000,0.33,2700
214,172,10.0,170.0,73000,26000,0.33,2700
241,200,9.0,170.0,73000,26000,0.33,2700
262,228,5.0,170.0,73000,26000,0.33,2700
283,248,5.0,170.0,73000,26000,0.33,2700
117,55,24.0,170.0,73000,26000,0.33,2700
152,131,7.0,170.0,73000,26000,0.33,2700
172,152,5.0,170.0,73000,26000,0.33,2700
193,172,4.0,170.0,73000,26000,0.33,2700
214,193,3.0,170.0,73000,26000,0.33,2700
179,159,8.0,170.0,73000,26000,0.33,2700
379,317,9.0,120.0,73000,26000,0.33,2700
124,41,25.0,28.0,73000,26000,0.33,2700
138,131,10.0,170.0,73000,26000,0.33,2700
159,152,6.0,170.0,73000,26000,0.33,2700
179,172,5.0,170.0,73000,26000,0.33,2700
200,193,4.0,170.0,73000,26000,0.33,2700
138,117,11.0,36.0,73000,26000,0.33,2700
159,138,8.0,41.0,73000,26000,0.33,2700
179,165,6.0,46.0,73000,26000,0.33,2700
200,186,5.0,51.0,73000,26000,0.33,2700
145,55,24.0,36.0,73000,26000,0.33,2700
172,145,9.0,46.0,73000,26000,0.33,2700
193,165,8.0,53.0,73000,26000,0.33,2700
207,179,7.0,58.0,73000,26000,0.33,2700
221,200,6.0,63.0,73000,26000,0.33,2700
193,90,25.0,47.0,73000,26000,0.33,2700
228,193,12.0,60.0,73000,26000,0.33,2700
262,214,10.0,68.0,73000,26000,0.33,2700
276,241,8.0,73.0,73000,26000,0.33,2700
290,255,7.0,77.0,73000,26000,0.33,2700
290,152,35.0,65.0,73000,26000,0.33,2700
434,407,10.0,105.0,73000,26000,0.33,2700
414,345,15.0,100.0,73000,26000,0.33,2700
290,145,22.0,170.0,73000,26000,0.33,2700
317,228,16.0,170.0,73000,26000,0.33,2700
317,228,16.0,170.0,73000,26000,0.33,2700
262,117,22.0,170.0,73000,26000,0.33,2700
290,207,12.0,170.0,73000,26000,0.33,2700
324,255,10.0,170.0,73000,26000,0.33,2700
269,131,14.0,170.0,73000,26000,0.33,2700
290,207,12.0,170.0,73000,26000,0.33,2700
241,117,27.0,58.0,73000,26000,0.33,2700
269,207,15.0,67.0,73000,26000,0.33,2700
290,228,13.0,73.0,73000,26000,0.33,2700
310,248,12.0,78.0,73000,26000,0.33,2700
331,269,10.0,80.0,73000,26000,0.33,2700
241,117,25.0,63.0,73000,26000,0.33,2700
234,172,11.0,68.0,73000,26000,0.33,2700
283,241,5.0,75.0,73000,26000,0.33,2700
283,241,5.0,75.0,73000,26000,0.33,2700
241,117,27.0,58.0,73000,26000,0.33,2700
269,207,15.0,67.0,73000,26000,0.33,2700
290,228,13.0,73.0,73000,26000,0.33,2700
310,248,12.0,78.0,73000,26000,0.33,2700
331,269,10.0,80.0,73000,26000,0.33,2700
241,117,25.0,63.0,73000,26000,0.33,2700
248,117,22.0,62.0,73000,26000,0.33,2700
276,207,10.0,73.0,73000,26000,0.33,2700
303,241,10.0,81.0,73000,26000,0.33,2700
262,179,14.0,70.0,73000,26000,0.33,2700
248,124,18.0,62.0,73000,26000,0.33,2700
310,159,24.0,170.0,73000,26000,0.33,2700
310,165,22.0,170.0,73000,26000,0.33,2700
352,255,16.0,90.0,73000,26000,0.33,2700
352,255,16.0,90.0,73000,26000,0.33,2700
131,48,22.0,32.0,73000,26000,0.33,2700
179,159,12.0,48.0,73000,26000,0.33,2700
207,186,6.0,55.0,73000,26000,0.33,2700
207,186,6.0,55.0,73000,26000,0.33,2700
193,90,25.0,47.0,73000,26000,0.33,2700
228,193,12.0,60.0,73000,26000,0.33,2700
262,214,10.0,68.0,73000,26000,0.33,2700
276,241,8.0,73.0,73000,26000,0.33,2700
290,255,7.0,77.0,73000,26000,0.33,2700
159,138,12.0,40.0,73000,26000,0.33,2700
193,165,7.0,50.0,73000,26000,0.33,2700
193,165,7.0,50.0,73000,26000,0.33,2700
124,55,25.0,30.0,73000,26000,0.33,2700
241,145,22.0,65.0,73000,26000,0.33,2700
241,145,22.0,65.0,73000,26000,0.33,2700
310,276,12.0,95.0,73000,26000,0.33,2700
310,276,12.0,95.0,73000,26000,0.33,2700
117,48,25.0,170.0,73000,26000,0.33,2700
228,131,22.0,170.0,73000,26000,0.33,2700
228,131,22.0,170.0,73000,26000,0.33,2700
290,255,12.0,170.0,73000,26000,0.33,2700
290,255,12.0,170.0,73000,26000,0.33,2700
90,48,16.0,25.0,73000,26000,0.33,2700
152,90,20.0,42.0,73000,26000,0.33,2700
172,90,22.0,170.0,73000,26000,0.33,2700
186,145,12.0,60.0,73000,26000,0.33,2700
241,214,12.0,73.0,73000,26000,0.33,2700
255,241,9.0,82.0,73000,26000,0.33,2700
207,186,10.0,70.0,73000,26000,0.33,2700
290,269,12.0,95.0,73000,26000,0.33,2700
152,83,18.0,43.0,73000,26000,0.33,2700
359,207,18.0,90.0,73000,26000,0.33,2700
359,207,18.0,90.0,73000,26000,0.33,2700
393,359,12.0,120.0,73000,26000,0.33,2700
393,359,12.0,120.0,73000,26000,0.33,2700
379,352,10.0,170.0,73000,26000,0.33,2700
97,76,16.0,170.0,73000,26000,0.33,2700
221,193,15.0,71.0,73000,26000,0.33,2700
400,379,10.0,120.0,73000,26000,0.33,2700
248,152,20.0,170.0,73000,26000,0.33,2700
310,283,14.0,95.0,73000,26000,0.33,2700
152,90,20.0,42.0,73000,26000,0.33,2700
186,145,12.0,60.0,73000,26000,0.33,2700
241,214,12.0,74.0,73000,26000,0.33,2700
517,448,12.0,135.0,73000,26000,0.33,2700
517,434,11.0,135.0,73000,26000,0.33,2700
496,434,12.0,170.0,73000,26000,0.33,2700
524,469,11.0,170.0,73000,26000,0.33,2700
552,490,11.0,170.0,73000,26000,0.33,2700
228,103,17.0,60.0,73000,26000,0.33,2700
572,503,11.0,150.0,73000,26000,0.33,2700
572,503,11.0,150.0,73000,26000,0.33,2700
221,97,17.0,170.0,73000,26000,0.33,2700
524,462,11.0,170.0,73000,26000,0.33,2700
524,462,11.0,170.0,73000,26000,0.33,2700
228,103,15.0,170.0,73000,26000,0.33,2700
607,538,10.0,170.0,73000,26000,0.33,2700
607,538,10.0,170.0,73000,26000,0.33,2700
572,503,10.0,170.0,73000,26000,0.33,2700
572,503,10.0,170.0,73000,26000,0.33,2700
221,97,16.0,170.0,73000,26000,0.33,2700
558,490,10.0,170.0,73000,26000,0.33,2700
558,490,10.0,170.0,73000,26000,0.33,2700
117,97,15.0,170.0,73000,26000,0.33,2700
276,152,1.0,170.0,73000,26000,0.33,1750
276,97,12.0,170.0,73000,26000,0.33,1750
276,83,15.0,170.0,73000,26000,0.33,1750
276,145,6.0,170.0,73000,26000,0.33,1750
276,145,6.0,170.0,73000,26000,0.33,1750
276,152,3.0,170.0,73000,26000,0.33,1750
159,110,3.0,170.0,73000,26000,0.33,1750
221,103,8.0,170.0,73000,26000,0.33,1750
186,90,4.0,170.0,73000,26000,0.33,1750
179,55,19.0,170.0,73000,26000,0.33,1750
262,193,3.0,170.0,73000,26000,0.33,1750
276,207,4.0,170.0,73000,26000,0.33,1750
207,138,4.0,170.0,73000,26000,0.33,1750
303,193,10.0,170.0,73000,26000,0.33,1750
241,152,4.0,170.0,73000,26000,0.33,1750
207,138,4.0,170.0,73000,26000,0.33,1750
310,193,10.0,170.0,73000,26000,0.33,1750
276,200,4.0,170.0,73000,26000,0.33,1750
234,159,3.0,170.0,73000,26000,0.33,1750
234,159,3.0,170.0,73000,26000,0.33,1750
234,159,3.0,170.0,73000,26000,0.33,1750
221,131,8.0,170.0,73000,26000,0.33,1750
221,131,8.0,170.0,73000,26000,0.33,1750
214,138,6.0,170.0,73000,26000,0.33,1750
241,145,10.0,170.0,73000,26000,0.33,1750
262,200,15.0,170.0,73000,26000,0.33,1750
262,200,15.0,170.0,73000,26000,0.33,1750
310,228,16.0,170.0,73000,26000,0.33,1750
379,276,7.0,170.0,73000,26000,0.33,1750
290,228,10.0,170.0,73000,26000,0.33,1750
255,179,12.0,170.0,73000,26000,0.33,1750
276,255,4.0,170.0,73000,26000,0.33,1750
352,283,11.0,170.0,73000,26000,0.33,1750
290,221,15.0,170.0,73000,26000,0.33,1750
290,221,15.0,170.0,73000,26000,0.33,1750
262,207,9.0,170.0,73000,26000,0.33,1750
234,172,11.0,170.0,73000,26000,0.33,1750
380,230,9.0,170.0,206000,80000,0.3,7860
360,225,9.0,170.0,206000,80000,0.3,7860
600,380,16.0,170.0,206000,80000,0.3,7860
270,280 max,28.0,170.0,206000,80000,0.3,7860
270,240 max,34.0,170.0,206000,80000,0.3,7860
270,210 max,38.0,170.0,206000,80000,0.3,7860
360,225,25.0,170.0,206000,80000,0.3,7860
360,225,25.0,170.0,206000,80000,0.3,7860
340,225,26.0,170.0,206000,80000,0.3,7860
340,225,25.0,170.0,206000,80000,0.3,7860
340,225,26.0,170.0,206000,80000,0.3,7860
340,225,26.0,170.0,206000,80000,0.3,7860
410,225,23.0,170.0,206000,80000,0.3,7860
410,265,22.0,170.0,206000,80000,0.3,7860
410,265,22.0,170.0,206000,80000,0.3,7860
410,265,22.0,170.0,206000,80000,0.3,7860
490,345,22.0,170.0,206000,80000,0.3,7860
490,345,22.0,170.0,206000,80000,0.3,7860
490,345,22.0,170.0,206000,80000,0.3,7860
490,345,22.0,170.0,206000,80000,0.3,7860
410,255,22.0,170.0,206000,80000,0.3,7860
510,345,21.0,170.0,206000,80000,0.3,7860
470,285,20.0,170.0,206000,80000,0.3,7860
570,325,16.0,170.0,206000,80000,0.3,7860
690,355,11.0,170.0,206000,80000,0.3,7860
420,300,16.0,170.0,206000,80000,0.3,7860
440,340,11.0,170.0,206000,80000,0.3,7860
470,290,22.0,170.0,206000,80000,0.3,7860
500,320,21.0,170.0,206000,80000,0.3,7860
550,350,20.0,170.0,206000,80000,0.3,7860
600,380,16.0,170.0,206000,80000,0.3,7860
630,400,18.0,170.0,206000,80000,0.3,7860
650,430,16.0,170.0,206000,80000,0.3,7860
700,460,15.0,170.0,206000,80000,0.3,7860
750,490,14.0,170.0,206000,80000,0.3,7860
800,520,13.0,170.0,206000,80000,0.3,7860
460,290,22.0,170.0,206000,80000,0.3,7860
700,490,15.0,170.0,206000,80000,0.3,7860
580,340,14.0,170.0,206000,80000,0.3,7860
800,590,14.0,170.0,206000,80000,0.3,7860
850,630,13.0,170.0,206000,80000,0.3,7860
900,660,12.0,170.0,206000,80000,0.3,7860
900,680,10.0,170.0,206000,80000,0.3,7860
980,680,8.0,170.0,206000,80000,0.3,7860
440,270,24.0,170.0,206000,80000,0.3,7860
450,295,20.0,170.0,206000,80000,0.3,7860
800,600,14.0,170.0,206000,80000,0.3,7860
900,650,12.0,170.0,206000,80000,0.3,7860
1000,770,11.0,170.0,206000,80000,0.3,7860
490,345,22.0,170.0,206000,80000,0.3,7860
490,345,22.0,170.0,206000,80000,0.3,7860
900,700,11.0,170.0,206000,80000,0.3,7860
480,300,18.0,170.0,206000,80000,0.3,7860
520,310,18.0,170.0,206000,80000,0.3,7860
835,590,12.0,170.0,206000,80000,0.3,7860
490,355,22.0,170.0,206000,80000,0.3,7860
1100,900,10.0,170.0,206000,80000,0.3,7860
1250,1050,9.0,170.0,206000,80000,0.3,7860
530,390,20.0,170.0,206000,80000,0.3,7860
680,585,18.0,170.0,206000,80000,0.3,7860
400,230,20.0,170.0,206000,80000,0.3,7860
650,450,15.0,170.0,206000,80000,0.3,7860
700,500,13.0,170.0,206000,80000,0.3,7860
850,650,10.0,170.0,206000,80000,0.3,7860
400,240,20.0,170.0,206000,80000,0.3,7860
800,600,14.0,170.0,206000,80000,0.3,7860
500,190,45.0,170.0,206000,80000,0.3,7860
500,190,35.0,170.0,206000,80000,0.3,7860
500,190,40.0,170.0,206000,80000,0.3,7860
460,180,45.0,170.0,206000,80000,0.3,7860
550,270,40.0,170.0,206000,80000,0.3,7860
500,200,40.0,170.0,206000,80000,0.3,7860
500,200,40.0,170.0,206000,80000,0.3,7860
500,200,40.0,170.0,206000,80000,0.3,7860
500,200,40.0,170.0,206000,80000,0.3,7860
500,200,40.0,170.0,206000,80000,0.3,7860
580,280,40.0,170.0,206000,80000,0.3,7860
580,280,40.0,170.0,206000,80000,0.3,7860
650,450,25.0,170.0,206000,80000,0.3,7860
680,320,45.0,170.0,206000,80000,0.3,7860
150,150,16.0,170.0,85000,34000,0.25,7160
200,200,16.0,170.0,85000,34000,0.25,7160
250,250,16.0,170.0,85000,34000,0.25,7160
300,300,16.0,170.0,85000,34000,0.25,7160
350,350,16.0,170.0,85000,34000,0.25,7160
500,320,16.0,170.0,169000,70000,0.2,7160
600,370,16.0,170.0,169000,70000,0.2,7160
700,420,16.0,170.0,169000,70000,0.2,7160
800,480,16.0,170.0,169000,70000,0.2,7160
400,180,4.0,170.0,160000,64000,0.27,7160
500,260,4.0,170.0,160000,64000,0.27,7160
460,375,8.0,170.0,206000,80000,0.3,7860
460,355,9.0,170.0,206000,80000,0.3,7860
580,365,16.0,170.0,206000,80000,0.3,7860
270,250 max,34.0,170.0,206000,80000,0.3,7860
270,210 max,38.0,170.0,206000,80000,0.3,7860
270,280 max,28.0,170.0,206000,80000,0.3,7860
330,195,28.0,170.0,206000,80000,0.3,7860
410,320,6.0,170.0,206000,80000,0.3,7860
350,225,25.0,170.0,206000,80000,0.3,7860
360,225,25.0,170.0,206000,80000,0.3,7860
340,225,26.0,170.0,206000,80000,0.3,7860
440,350,6.0,170.0,206000,80000,0.3,7860
340,225,26.0,170.0,206000,80000,0.3,7860
340,225,26.0,170.0,206000,80000,0.3,7860
410,255,23.0,170.0,206000,80000,0.3,7860
410,265,22.0,170.0,206000,80000,0.3,7860
420,265,21.0,170.0,206000,80000,0.3,7860
410,265,22.0,170.0,206000,80000,0.3,7860
470,285,20.0,170.0,206000,80000,0.3,7860
490,345,22.0,170.0,206000,80000,0.3,7860
500,345,21.0,170.0,206000,80000,0.3,7860
590,470,4.0,170.0,206000,80000,0.3,7860
570,325,16.0,170.0,206000,80000,0.3,7860
670,355,11.0,170.0,206000,80000,0.3,7860
440,275,16.0,170.0,206000,80000,0.3,7860
495,295,16.0,170.0,206000,80000,0.3,7860
500,300,22.0,170.0,206000,80000,0.3,7860
500,320,21.0,170.0,206000,80000,0.3,7860
550,350,20.0,170.0,206000,80000,0.3,7860
600,370,19.0,170.0,206000,80000,0.3,7860
580,360,19.0,170.0,206000,80000,0.3,7860
630,400,18.0,170.0,206000,80000,0.3,7860
535,320,16.0,170.0,206000,80000,0.3,7860
650,430,16.0,170.0,206000,80000,0.3,7860
660,410,16.0,170.0,206000,80000,0.3,7860
700,460,15.0,170.0,206000,80000,0.3,7860
690,430,14.0,170.0,206000,80000,0.3,7860
750,500,14.0,170.0,206000,80000,0.3,7860
680,400,13.0,170.0,206000,80000,0.3,7860
800,520,13.0,170.0,206000,80000,0.3,7860
800,520,13.0,170.0,206000,80000,0.3,7860
460,290,22.0,170.0,206000,80000,0.3,7860
690,490,15.0,170.0,206000,80000,0.3,7860
590,340,13.0,170.0,206000,80000,0.3,7860
800,590,14.0,170.0,206000,80000,0.3,7860
850,630,13.0,170.0,206000,80000,0.3,7860
850,630,13.0,170.0,206000,80000,0.3,7860
1700,1300,13.0,170.0,206000,80000,0.3,7860
830,630,13.0,170.0,206000,80000,0.3,7860
900,660,12.0,170.0,206000,80000,0.3,7860
880,670,12.0,170.0,206000,80000,0.3,7860
850,630,13.0,170.0,206000,80000,0.3,7860
880,665,12.0,170.0,206000,80000,0.3,7860
1450,1270,6.0,170.0,206000,80000,0.3,7860
900,680,10.0,170.0,206000,80000,0.3,7860
980,680,8.0,170.0,206000,80000,0.3,7860
1370,1180,7.0,170.0,206000,80000,0.3,7860
440,270,24.0,170.0,206000,80000,0.3,7860
450,295,20.0,170.0,206000,80000,0.3,7860
490,345,22.0,170.0,206000,80000,0.3,7860
800,600,14.0,170.0,206000,80000,0.3,7860
900,650,12.0,170.0,206000,80000,0.3,7860
1000,750,11.0,170.0,206000,80000,0.3,7860
980,760,11.0,170.0,206000,80000,0.3,7860
880,690,12.0,170.0,206000,80000,0.3,7860
800,600,16.0,170.0,206000,80000,0.3,7860
980,850,16.0,170.0,206000,80000,0.3,7860
980,850,16.0,170.0,206000,80000,0.3,7860
1370,1180,8.0,170.0,206000,80000,0.3,7860
480,300,18.0,170.0,206000,80000,0.3,7860
930,735,12.0,170.0,206000,80000,0.3,7860
1230,1030,9.0,170.0,206000,80000,0.3,7860
1000,750,11.0,170.0,206000,80000,0.3,7860
1080,785,8.0,170.0,206000,80000,0.3,7860
490,355,22.0,170.0,206000,80000,0.3,7860
1100,900,10.0,170.0,206000,80000,0.3,7860
1250,1050,9.0,170.0,206000,80000,0.3,7860
530,390,20.0,170.0,206000,80000,0.3,7860
680,585,18.0,170.0,206000,80000,0.3,7860
400,250,20.0,170.0,206000,80000,0.3,7860
450,270,20.0,170.0,206000,80000,0.3,7860
600,420,18.0,170.0,206000,80000,0.3,7860
650,450,14.0,170.0,206000,80000,0.3,7860
800,600,11.0,170.0,206000,80000,0.3,7860
900,700,14.0,170.0,206000,80000,0.3,7860
400,250,20.0,170.0,206000,80000,0.3,7860
750,550,14.0,170.0,206000,80000,0.3,7860
1000,800,7.0,170.0,206000,80000,0.3,7860
500,195,45.0,170.0,206000,80000,0.3,7860
500,195,35.0,170.0,206000,80000,0.3,7860
500,200,40.0,170.0,206000,80000,0.3,7860
460,180,45.0,170.0,206000,80000,0.3,7860
550,270,40.0,170.0,206000,80000,0.3,7860
510,205,40.0,170.0,206000,80000,0.3,7860
500,210,35.0,170.0,206000,80000,0.3,7860
490,190,40.0,170.0,206000,80000,0.3,7860
490,190,35.0,170.0,206000,80000,0.3,7860
510,205,40.0,170.0,206000,80000,0.3,7860
580,280,40.0,170.0,206000,80000,0.3,7860
580,295,40.0,170.0,206000,80000,0.3,7860
580,285,35.0,170.0,206000,80000,0.3,7860
590,295,45.0,170.0,206000,80000,0.3,7860
950,580,8.0,170.0,206000,80000,0.3,7860
150,150,16.0,170.0,85000,34000,0.25,7160
200,200,16.0,170.0,85000,34000,0.25,7160
250,250,16.0,170.0,85000,34000,0.25,7160
300,300,16.0,170.0,85000,34000,0.25,7160
350,350,16.0,170.0,85000,34000,0.25,7160
500,320,16.0,170.0,169000,70000,0.2,7160
600,370,16.0,170.0,169000,70000,0.2,7160
700,420,16.0,170.0,169000,70000,0.2,7160
800,480,16.0,170.0,169000,70000,0.2,7160
400,180,4.0,170.0,160000,64000,0.27,7160
500,260,4.0,170.0,160000,64000,0.27,7160
430,300,8.0,170.0,206000,80000,0.3,7860
635,370,18.0,170.0,206000,80000,0.3,7860
280,140,32.0,170.0,206000,80000,0.3,7860
280,140,34.0,170.0,206000,80000,0.3,7860
280,140,16.0,170.0,206000,80000,0.3,7860
420,355,6.0,170.0,206000,80000,0.3,7860
360,215,24.0,170.0,206000,80000,0.3,7860
360,225,25.0,170.0,206000,80000,0.3,7860
450,360,6.0,170.0,206000,80000,0.3,7860
340,225,26.0,170.0,206000,80000,0.3,7860
340,225,26.0,170.0,206000,80000,0.3,7860
410,225,23.0,170.0,206000,80000,0.3,7860
430,245,22.0,170.0,206000,80000,0.3,7860
460,280,21.0,170.0,206000,80000,0.3,7860
430,245,22.0,170.0,206000,80000,0.3,7860
490,355,20.0,170.0,206000,80000,0.3,7860
490,355,20.0,170.0,206000,80000,0.3,7860
490,355,20.0,170.0,206000,80000,0.3,7860
540,340,18.0,170.0,206000,80000,0.3,7860
600,480,4.0,170.0,206000,80000,0.3,7860
550,430,19.0,170.0,206000,80000,0.3,7860
550,430,19.0,170.0,206000,80000,0.3,7860
490,245,20.0,170.0,206000,80000,0.3,7860
550,310,18.0,170.0,206000,80000,0.3,7860
625,370,16.0,170.0,206000,80000,0.3,7860
625,370,16.0,170.0,206000,80000,0.3,7860
625,355,16.0,170.0,206000,80000,0.3,7860
625,340,16.0,170.0,206000,80000,0.3,7860
700,400,14.0,170.0,206000,80000,0.3,7860
625,360,15.0,170.0,206000,80000,0.3,7860
775,450,14.0,170.0,206000,80000,0.3,7860
775,450,14.0,170.0,206000,80000,0.3,7860
550,325,18.0,170.0,206000,80000,0.3,7860
1300,1100,6.0,170.0,206000,80000,0.3,7860
700,510,17.0,170.0,206000,80000,0.3,7860
775,570,15.0,170.0,206000,80000,0.3,7860
850,665,13.0,170.0,206000,80000,0.3,7860
1380,1180,6.0,170.0,206000,80000,0.3,7860
850,665,13.0,170.0,206000,80000,0.3,7860
850,665,13.0,170.0,206000,80000,0.3,7860
850,665,13.0,170.0,206000,80000,0.3,7860
925,740,12.0,170.0,206000,80000,0.3,7860
1370,1180,6.0,170.0,206000,80000,0.3,7860
775,570,15.0,170.0,206000,80000,0.3,7860
850,665,13.0,170.0,206000,80000,0.3,7860
850,685,13.0,170.0,206000,80000,0.3,7860
1075,925,11.0,170.0,206000,80000,0.3,7860
420,245,20.0,170.0,206000,80000,0.3,7860
550,340,15.0,170.0,206000,80000,0.3,7860
700,490,11.0,170.0,206000,80000,0.3,7860
430,245,20.0,170.0,206000,80000,0.3,7860
900,685,14.0,170.0,206000,80000,0.3,7860
850,635,11.0,170.0,206000,80000,0.3,7860
480,195,40.0,170.0,206000,80000,0.3,7860
510,190,40.0,170.0,206000,80000,0.3,7860
490,195,40.0,170.0,206000,80000,0.3,7860
480,180,40.0,170.0,206000,80000,0.3,7860
510,205,40.0,170.0,206000,80000,0.3,7860
490,190,40.0,170.0,206000,80000,0.3,7860
510,205,40.0,170.0,206000,80000,0.3,7860
950,580,8.0,170.0,206000,80000,0.3,7860
150,150,16.0,170.0,85000,34000,0.25,7160
200,200,16.0,170.0,85000,34000,0.25,7160
250,250,16.0,170.0,85000,34000,0.25,7160
300,300,16.0,170.0,85000,34000,0.25,7160
350,350,16.0,170.0,85000,34000,0.25,7160
500,320,16.0,170.0,169000,70000,0.2,7160
600,370,16.0,170.0,169000,70000,0.2,7160
700,420,16.0,170.0,169000,70000,0.2,7160
800,480,16.0,170.0,169000,70000,0.2,7160
400,180,4.0,170.0,160000,64000,0.27,7160
500,260,4.0,170.0,160000,64000,0.27,7160
350,200,16.0,170.0,206000,80000,0.3,7860
400,226,24.0,170.0,206000,80000,0.3,7860
471,373,8.0,170.0,206000,80000,0.3,7860
400,255,22.0,170.0,206000,80000,0.3,7860
660,520,6.0,170.0,206000,80000,0.3,7860
280,200,31.0,170.0,206000,80000,0.3,7860
290,215,36.0,170.0,206000,80000,0.3,7860
280,200,29.0,170.0,206000,80000,0.3,7860
330,195,30.0,170.0,206000,80000,0.3,7860
340,225,24.0,170.0,206000,80000,0.3,7860
350,225,26.0,170.0,206000,80000,0.3,7860
340,225,26.0,170.0,206000,80000,0.3,7860
360,235,26.0,170.0,206000,80000,0.3,7860
410,255,24.0,170.0,206000,80000,0.3,7860
420,240,22.0,170.0,206000,80000,0.3,7860
430,285,22.0,170.0,206000,80000,0.3,7860
440,265,20.0,170.0,206000,80000,0.3,7860
490,265,19.0,170.0,206000,80000,0.3,7860
490,340,22.0,170.0,206000,80000,0.3,7860
510,345,23.0,170.0,206000,80000,0.3,7860
590,315,14.0,170.0,206000,80000,0.3,7860
590,315,14.0,170.0,206000,80000,0.3,7860
686,355,11.0,170.0,206000,80000,0.3,7860
686,355,11.0,170.0,206000,80000,0.3,7860
490,325,16.0,170.0,206000,80000,0.3,7860
550,350,12.0,170.0,206000,80000,0.3,7860
490,295,12.0,170.0,206000,80000,0.3,7860
480,300,22.0,170.0,206000,80000,0.3,7860
500,320,21.0,170.0,206000,80000,0.3,7860
550,350,20.0,170.0,206000,80000,0.3,7860
600,370,19.0,170.0,206000,80000,0.3,7860
630,400,18.0,170.0,206000,80000,0.3,7860
530,305,18.0,170.0,206000,80000,0.3,7860
640,390,18.0,170.0,206000,80000,0.3,7860
690,440,15.0,170.0,206000,80000,0.3,7860
750,480,14.0,170.0,206000,80000,0.3,7860
800,500,13.0,170.0,206000,80000,0.3,7860
1770,1470,2.0,170.0,206000,80000,0.3,7860
460,285,21.0,170.0,206000,80000,0.3,7860
690,490,15.0,170.0,206000,80000,0.3,7860
1570,1320,5.0,170.0,206000,80000,0.3,7860
670,430,20.0,170.0,206000,80000,0.3,7860
680,440,20.0,170.0,206000,80000,0.3,7860
780,540,14.0,170.0,206000,80000,0.3,7860
880,685,12.0,170.0,206000,80000,0.3,7860
1270,1080,6.0,170.0,206000,80000,0.3,7860
1420,1210,6.0,170.0,206000,80000,0.3,7860
588,343,14.0,170.0,206000,80000,0.3,7860
883,637,12.0,170.0,206000,80000,0.3,7860
932,785,12.0,170.0,206000,80000,0.3,7860
1716,1373,12.0,170.0,206000,80000,0.3,7860
883,687,11.0,170.0,206000,80000,0.3,7860
932,785,12.0,170.0,206000,80000,0.3,7860
657,490,17.0,170.0,206000,80000,0.3,7860
900,680,10.0,170.0,206000,80000,0.3,7860
785,588,10.0,170.0,206000,80000,0.3,7860
981,686,8.0,170.0,206000,80000,0.3,7860
883,687,16.0,170.0,206000,80000,0.3,7860
981,794,16.0,170.0,206000,80000,0.3,7860
1370,1175,7.0,170.0,206000,80000,0.3,7860
1470,1275,6.0,170.0,206000,80000,0.3,7860
440,265,24.0,170.0,206000,80000,0.3,7860
430,295,20.0,170.0,206000,80000,0.3,7860
470,345,22.0,170.0,206000,80000,0.3,7860
690,490,15.0,170.0,206000,80000,0.3,7860
930,735,11.0,170.0,206000,80000,0.3,7860
880,665,12.0,170.0,206000,80000,0.3,7860
1000,750,11.0,170.0,206000,80000,0.3,7860
470,345,22.0,170.0,206000,80000,0.3,7860
690,490,16.0,170.0,206000,80000,0.3,7860
1000,850,16.0,170.0,206000,80000,0.3,7860
780,635,16.0,170.0,206000,80000,0.3,7860
1177,981,16.0,170.0,206000,80000,0.3,7860
1716,1373,16.0,170.0,206000,80000,0.3,7860
1177,981,16.0,170.0,206000,80000,0.3,7860
900,700,11.0,170.0,206000,80000,0.3,7860
480,265,18.0,170.0,206000,80000,0.3,7860
834,637,16.0,170.0,206000,80000,0.3,7860
981,785,12.0,170.0,206000,80000,0.3,7860
690,490,18.0,170.0,206000,80000,0.3,7860
883,637,12.0,170.0,206000,80000,0.3,7860
835,590,12.0,170.0,206000,80000,0.3,7860
880,635,9.0,170.0,206000,80000,0.3,7860
1080,785,8.0,170.0,206000,80000,0.3,7860
440,285,24.0,170.0,206000,80000,0.3,7860
1100,900,10.0,170.0,206000,80000,0.3,7860
932,785,10.0,170.0,206000,80000,0.3,7860
1080,880,10.0,170.0,206000,80000,0.3,7860
590,390,20.0,170.0,206000,80000,0.3,7860
1569,1275,16.0,170.0,206000,80000,0.3,7860
441,245,21.0,170.0,206000,80000,0.3,7860
590,415,20.0,170.0,206000,80000,0.3,7860
690,455,15.0,170.0,206000,80000,0.3,7860
740,495,14.0,170.0,206000,80000,0.3,7860
440,265,18.0,170.0,206000,80000,0.3,7860
440,295,20.0,170.0,206000,80000,0.3,7860
441,245,20.0,170.0,206000,80000,0.3,7860
930,685,10.0,170.0,206000,80000,0.3,7860
460,270,15.0,170.0,206000,80000,0.3,7860
800,560,14.0,170.0,206000,80000,0.3,7860
900,650,14.0,170.0,206000,80000,0.3,7860
490,186,40.0,170.0,206000,80000,0.3,7860
530,195,45.0,170.0,206000,80000,0.3,7860
500,190,40.0,170.0,206000,80000,0.3,7860
550,210,40.0,170.0,206000,80000,0.3,7860
500,195,35.0,170.0,206000,80000,0.3,7860
500,205,26.0,170.0,206000,80000,0.3,7860
440,175,40.0,170.0,206000,80000,0.3,7860
650,350,40.0,170.0,206000,80000,0.3,7860
700,350,26.0,170.0,206000,80000,0.3,7860
600,250,30.0,170.0,206000,80000,0.3,7860
500,230,30.0,170.0,206000,80000,0.3,7860
540,265,40.0,170.0,206000,80000,0.3,7860
550,230,30.0,170.0,206000,80000,0.3,7860
550,205,50.0,170.0,206000,80000,0.3,7860
550,215,45.0,170.0,206000,80000,0.3,7860
540,275,40.0,170.0,206000,80000,0.3,7860
635,295,37.0,170.0,206000,80000,0.3,7860
980,590,12.0,170.0,206000,80000,0.3,7860
640,490,18.0,170.0,206000,80000,0.3,7860
360,240,16.0,170.0,169000,70000,0.2,7160
420,270,16.0,170.0,169000,70000,0.2,7160
500,320,16.0,170.0,169000,70000,0.2,7160
600,370,16.0,170.0,169000,70000,0.2,7160
700,420,16.0,170.0,169000,70000,0.2,7160
800,480,16.0,170.0,169000,70000,0.2,7160
100,100,16.0,170.0,80000,32000,0.25,7160
150,150,16.0,170.0,85000,34000,0.25,7160
200,200,16.0,170.0,91000,36400,0.25,7160
250,250,16.0,170.0,105000,42000,0.25,7160
300,300,16.0,170.0,110000,44000,0.25,7160
350,350,16.0,170.0,115000,46000,0.25,7160
400,180,4.0,170.0,160000,64000,0.27,7160
580,300,4.0,170.0,160000,64000,0.27,7160
363,200,25.0,170.0,206000,80000,0.3,7160
441,240,22.0,170.0,206000,80000,0.3,7160
490,260,19.0,170.0,206000,80000,0.3,7160
588,300,10.0,170.0,206000,80000,0.3,7160
686,350,6.0,170.0,206000,80000,0.3,7160
530,300,16.0,170.0,206000,80000,0.3,7160
422,250,25.0,170.0,206000,80000,0.3,7160
490,290,20.0,170.0,206000,80000,0.3,7160
637,420,15.0,170.0,206000,80000,0.3,7160
785,520,5.0,170.0,206000,80000,0.3,7160
830,550,16.0,170.0,206000,80000,0.3,7160
981,650,3.0,170.0,206000,80000,0.3,7160
550,390,16.0,170.0,206000,80000,0.3,7160
500,320,16.0,170.0,206000,80000,0.3,7160
380,265,16.0,170.0,120000,45000,0.31,8800
380,265,16.0,170.0,120000,45000,0.31,8800
380,265,16.0,170.0,120000,45000,0.31,8800
380,265,16.0,170.0,120000,45000,0.31,8800
180,160,16.0,170.0,105000,40000,0.31,8800
180,160,16.0,170.0,105000,40000,0.31,8800
180,160,16.0,170.0,105000,40000,0.31,8800
150,120,16.0,170.0,105000,40000,0.31,8800
170,100,16.0,170.0,105000,40000,0.31,8800
400,130,16.0,170.0,120000,45000,0.32,8800
400,130,16.0,170.0,120000,45000,0.32,8800
330,100,16.0,170.0,100000,37000,0.34,8500
330,100,16.0,170.0,100000,37000,0.34,8500
330,100,16.0,170.0,100000,37000,0.34,8500
330,100,16.0,170.0,100000,37000,0.34,8500
350,255,16.0,170.0,100000,37000,0.34,8500
600,350,16.0,170.0,100000,37000,0.34,8500
400,230,11.0,170.0,73000,26000,0.33,2700
430,230,12.0,170.0,73000,26000,0.33,2700
430,230,16.0,170.0,73000,26000,0.33,2700
340,190,12.0,170.0,73000,26000,0.33,2700
280,100,16.0,170.0,73000,26000,0.33,2700
200,110,16.0,170.0,73000,26000,0.33,2700
200,110,16.0,170.0,73000,26000,0.33,2700
360,235,27.0,170.0,201000,78000,0.29,7856
370,245,26.0,170.0,201000,78000,0.29,7856
380,255,26.0,170.0,201000,78000,0.29,7856
400,255,25.0,170.0,201000,78000,0.29,7856
410,265,24.0,170.0,201000,78000,0.29,7856
410,265,24.0,170.0,201000,78000,0.29,7856
490,285,20.0,170.0,201000,78000,0.29,7856
490,295,20.0,170.0,201000,78000,0.29,7856
590,315,15.0,170.0,201000,78000,0.29,7856
600,320,15.0,170.0,201000,78000,0.29,7856
360,225,24.0,170.0,206000,80000,0.3,7860
370,235,25.0,170.0,206000,80000,0.3,7860
370,245,25.0,170.0,206000,80000,0.3,7860
390,265,23.0,170.0,206000,80000,0.3,7860
450,325,21.0,170.0,206000,80000,0.3,7860
480,335,20.0,170.0,206000,80000,0.3,7860
320,196,33.0,131.0,203000,78000,0.3,7871
330,205,31.0,143.0,206000,79000,0.3,7856
400,250,8.0,170.0,206000,79000,0.3,7856
410,250,8.0,187.0,206000,79000,0.3,7856
290,190,26.0,143.0,206000,79000,0.3,7856
370,225,27.0,149.0,201000,78000,0.29,7850
450,250,8.0,170.0,201000,78000,0.29,7850
440,340,8.0,197.0,201000,78000,0.29,7850
340,220,23.0,149.0,201000,78000,0.29,7850
410,245,25.0,163.0,212000,82000,0.29,7859
500,300,16.0,170.0,212000,82000,0.29,7859
490,300,7.0,207.0,212000,82000,0.29,7859
390,240,21.0,163.0,212000,82000,0.29,7859
450,275,23.0,170.0,198000,77000,0.29,7820
550,350,16.0,170.0,198000,77000,0.29,7820
540,350,7.0,217.0,198000,77000,0.29,7820
410,270,19.0,170.0,198000,77000,0.29,7820
490,295,21.0,179.0,200000,77000,0.3,7850
600,350,16.0,170.0,200000,77000,0.3,7850
560,340,7.0,229.0,200000,77000,0.3,7850
440,290,17.0,179.0,200000,77000,0.3,7850
575,295,21.0,170.0,200000,77000,0.3,7850
530,315,20.0,207.0,206000,79000,0.3,7826
650,380,19.0,170.0,206000,79000,0.3,7826
1000,650,16.0,170.0,206000,79000,0.3,7826
590,350,6.0,229.0,206000,79000,0.3,7826
470,310,15.0,187.0,206000,79000,0.3,7826
625,315,20.0,170.0,206000,79000,0.3,7826
570,335,19.0,217.0,212000,82000,0.29,7850
700,400,16.0,170.0,212000,82000,0.29,7850
1000,650,16.0,170.0,212000,82000,0.29,7850
610,380,6.0,241.0,212000,82000,0.29,7850
510,330,14.0,197.0,212000,82000,0.29,7850
675,355,19.0,170.0,212000,82000,0.29,7850
600,355,16.0,220.0,200000,77000,0.3,7810
750,450,16.0,170.0,200000,77000,0.3,7810
900,650,16.0,170.0,200000,77000,0.3,7810
1000,700,16.0,170.0,200000,77000,0.3,7810
1200,950,16.0,170.0,200000,77000,0.3,7810
750,450,16.0,170.0,200000,77000,0.3,7810
640,440,6.0,241.0,200000,77000,0.3,7810
540,350,13.0,207.0,200000,77000,0.3,7810
705,375,17.0,170.0,200000,77000,0.3,7810
600,355,14.0,241.0,216000,83000,0.3,7810
900,700,15.0,170.0,216000,83000,0.3,7810
660,450,6.0,255.0,216000,83000,0.3,7810
560,370,12.0,217.0,216000,83000,0.3,7810
725,400,16.0,170.0,216000,83000,0.3,7810
630,375,13.0,255.0,210000,81000,0.3,7820
775,420,15.0,170.0,210000,81000,0.3,7820
680,400,12.0,255.0,204000,79000,0.29,7810
825,450,14.0,170.0,204000,79000,0.29,7810
460,280,16.0,170.0,204000,79000,0.29,7820
570,420,16.0,170.0,204000,79000,0.29,7820
550,320,16.0,170.0,200000,77000,0.3,7810
680,560,16.0,170.0,200000,77000,0.3,7810
600,360,16.0,170.0,204000,79000,0.29,7810
840,590,16.0,170.0,204000,79000,0.29,7810
660,400,16.0,170.0,216000,84000,0.29,7810
820,560,16.0,170.0,216000,84000,0.29,7810
750,440,16.0,170.0,215000,83000,0.3,7850
900,700,16.0,170.0,215000,83000,0.3,7850
1500,1250,16.0,170.0,215000,83000,0.3,7850
490,390,10.0,207.0,216000,83000,0.3,7860
510,390,7.0,217.0,216000,83000,0.3,7860
460,390,7.0,217.0,216000,83000,0.3,7860
530,390,7.0,217.0,216000,83000,0.3,7860
540,390,6.0,223.0,216000,83000,0.3,7860
570,390,6.0,229.0,216000,83000,0.3,7860
690,490,12.0,170.0,206000,80000,0.29,7860
780,635,11.0,179.0,216000,83000,0.3,7830
600,300,16.0,170.0,216000,83000,0.3,7830
700,500,16.0,170.0,216000,83000,0.3,7830
850,630,16.0,170.0,216000,83000,0.3,7830
880,685,12.0,187.0,208000,80000,0.3,7820
910,735,11.0,197.0,214000,83000,0.29,7850
980,785,10.0,217.0,214000,83000,0.29,7850
630,330,16.0,170.0,214000,83000,0.29,7850
800,650,16.0,170.0,214000,83000,0.29,7850
1100,900,16.0,170.0,214000,83000,0.29,7850
1300,1100,16.0,170.0,214000,83000,0.29,7850
1030,835,9.0,229.0,206000,79000,0.3,7820
650,350,16.0,170.0,206000,79000,0.3,7820
950,750,16.0,170.0,206000,79000,0.3,7820
1400,1200,16.0,170.0,206000,79000,0.3,7820
1080,885,9.0,229.0,207000,80000,0.29,7860
650,350,16.0,170.0,207000,80000,0.29,7860
1500,1300,16.0,170.0,207000,80000,0.29,7860
430,250,16.0,170.0,204000,79000,0.29,7790
630,370,16.0,170.0,204000,79000,0.29,7790
800,650,16.0,249.0,204000,79000,0.29,7790
670,390,16.0,170.0,212000,82000,0.29,7800
1120,950,16.0,331.0,212000,82000,0.29,7800
700,410,16.0,170.0,204000,79000,0.29,7810
850,700,16.0,295.0,204000,79000,0.29,7810
600,300,16.0,170.0,214000,83000,0.29,7640
900,700,16.0,170.0,214000,83000,0.29,7640
950,750,16.0,170.0,211000,82000,0.29,7640
930,735,12.0,229.0,208000,80000,0.3,7820
950,750,16.0,170.0,208000,80000,0.3,7820
930,835,12.0,241.0,213000,82000,0.3,7820
1000,850,16.0,270.0,213000,82000,0.3,7820
1600,1400,16.0,170.0,213000,82000,0.3,7820
800,735,10.0,187.0,213000,82000,0.3,7820
700,430,16.0,170.0,211000,82000,0.29,7800
1000,800,9.0,170.0,211000,82000,0.29,7800
1250,1050,16.0,170.0,212000,82000,0.29,7800
1100,800,16.0,170.0,212000,82000,0.29,7800
780,635,12.0,207.0,213000,82000,0.3,7760
800,650,16.0,170.0,213000,82000,0.3,7760
1300,1200,16.0,170.0,213000,82000,0.3,7800
1450,1400,16.0,170.0,213000,82000,0.3,7800
900,750,10.0,170.0,215000,83000,0.3,7810
1600,1300,16.0,170.0,215000,83000,0.3,7810
1080,835,10.0,229.0,213000,82000,0.3,7850
780,590,14.0,197.0,200000,77000,0.3,7850
980,785,11.0,229.0,200000,77000,0.3,7850
780,460,16.0,170.0,200000,77000,0.3,7850
1200,1000,16.0,170.0,200000,77000,0.3,7850
1030,835,10.0,207.0,200000,77000,0.3,7820
1080,885,9.0,207.0,200000,77000,0.3,7860
980,785,10.0,241.0,215000,83000,0.3,7850
800,600,16.0,170.0,211000,82000,0.29,7880
800,600,16.0,170.0,211000,82000,0.29,7880
950,700,11.0,170.0,200000,77000,0.3,7850
1000,850,16.0,170.0,200000,77000,0.3,7850
680,450,16.0,170.0,203000,78000,0.3,7850
1100,850,10.0,170.0,203000,78000,0.3,7850
1300,1100,16.0,170.0,203000,78000,0.3,7850
600,360,16.0,170.0,213000,82000,0.3,7850
1100,850,16.0,170.0,215000,83000,0.3,7850
1500,1300,16.0,170.0,215000,83000,0.3,7850
800,700,16.0,170.0,215000,83000,0.3,7850
930,785,12.0,170.0,206000,80000,0.29,7860
980,835,14.0,170.0,206000,80000,0.3,7860
410,235,21.0,217.0,212000,82000,0.29,7850
470,255,21.0,217.0,198000,77000,0.29,7800
780,665,15.0,229.0,200000,77000,0.3,7800
780,665,14.0,229.0,200000,77000,0.3,7800
880,735,14.0,229.0,213000,82000,0.3,7840
780,665,16.0,229.0,213000,82000,0.3,7840
640,440,18.0,270.0,200000,77000,0.3,7850
880,735,12.0,269.0,207000,80000,0.29,7800
390,165,24.0,217.0,215000,83000,0.3,7630
390,215,22.0,217.0,211000,82000,0.29,7750
390,215,22.0,217.0,200000,77000,0.3,7850
390,165,22.0,217.0,200000,77000,0.3,7850
930,735,14.0,302.0,200000,77000,0.3,7850
1130,885,12.0,302.0,200000,77000,0.3,7850
880,590,8.0,170.0,200000,77000,0.3,8120
980,685,10.0,170.0,200000,77000,0.3,8120
510,196,40.0,170.0,215000,83000,0.3,7630
540,196,40.0,170.0,195000,75000,0.3,7900
540,196,40.0,170.0,200000,77000,0.3,7850
690,325,40.0,170.0,216000,84000,0.29,7670
475,230,27.0,156.0,206000,80000,0.29,7860
450,210,25.0,156.0,206000,80000,0.29,7860
625,350,20.0,156.0,206000,80000,0.29,7860
575,300,22.0,156.0,206000,80000,0.29,7860
495,260,25.0,170.0,206000,80000,0.29,7860
495,240,25.0,170.0,206000,80000,0.29,7860
475,220,23.0,170.0,206000,80000,0.29,7860
625,370,19.0,170.0,206000,80000,0.29,7860
575,320,21.0,170.0,206000,80000,0.29,7860
540,280,23.0,179.0,206000,80000,0.29,7860
540,250,23.0,179.0,206000,80000,0.29,7860
520,230,21.0,179.0,206000,80000,0.29,7860
675,400,18.0,179.0,206000,80000,0.29,7860
625,350,20.0,179.0,206000,80000,0.29,7860
575,300,21.0,179.0,206000,80000,0.29,7860
575,300,21.0,207.0,206000,80000,0.29,7860
575,270,21.0,207.0,206000,80000,0.29,7860
555,245,19.0,207.0,206000,80000,0.29,7860
705,430,17.0,187.0,206000,80000,0.29,7860
675,370,19.0,187.0,206000,80000,0.29,7860
625,320,20.0,187.0,206000,80000,0.29,7860
625,320,19.0,217.0,206000,80000,0.29,7860
625,290,19.0,217.0,206000,80000,0.29,7860
605,260,17.0,217.0,206000,80000,0.29,7860
725,460,16.0,187.0,206000,80000,0.29,7860
705,400,18.0,187.0,206000,80000,0.29,7860
675,350,19.0,187.0,206000,80000,0.29,7860
675,340,17.0,229.0,206000,80000,0.29,7860
675,305,17.0,229.0,206000,80000,0.29,7860
655,275,15.0,229.0,206000,80000,0.29,7860
775,500,14.0,197.0,206000,80000,0.29,7860
725,430,16.0,197.0,206000,80000,0.29,7860
705,370,17.0,197.0,206000,80000,0.29,7860
710,355,16.0,241.0,206000,80000,0.29,7860
710,320,16.0,241.0,206000,80000,0.29,7860
690,290,14.0,241.0,206000,80000,0.29,7860
825,520,13.0,207.0,206000,80000,0.29,7860
775,460,15.0,207.0,206000,80000,0.29,7860
725,400,16.0,207.0,206000,80000,0.29,7860
750,370,15.0,255.0,206000,80000,0.29,7860
750,330,15.0,255.0,206000,80000,0.29,7860
730,300,13.0,255.0,206000,80000,0.29,7860
875,550,12.0,217.0,206000,80000,0.29,7860
825,500,14.0,217.0,206000,80000,0.29,7860
775,430,15.0,217.0,206000,80000,0.29,7860
785,380,14.0,255.0,206000,80000,0.29,7860
785,340,14.0,255.0,206000,80000,0.29,7860
755,310,12.0,255.0,206000,80000,0.29,7860
925,580,11.0,229.0,206000,80000,0.29,7860
875,520,13.0,229.0,206000,80000,0.29,7860
825,450,14.0,229.0,206000,80000,0.29,7860
925,650,12.0,187.0,206000,80000,0.29,7860
825,550,14.0,187.0,206000,80000,0.29,7860
725,410,15.0,187.0,206000,80000,0.29,7860
1050,750,11.0,207.0,206000,80000,0.29,7860
925,630,13.0,207.0,206000,80000,0.29,7860
825,510,14.0,207.0,206000,80000,0.29,7860
1100,800,10.0,217.0,206000,80000,0.29,7860
1000,660,12.0,217.0,206000,80000,0.29,7860
875,560,14.0,217.0,206000,80000,0.29,7860
392,196,24.0,170.0,200000,77000,0.3,7820
412,216,22.0,170.0,200000,77000,0.3,7820
441,235,19.0,170.0,205000,79000,0.3,7830
471,255,17.0,170.0,210000,81000,0.3,7810
491,275,15.0,170.0,212000,82000,0.29,7830
520,294,14.0,170.0,215000,83000,0.3,7810
540,314,12.0,170.0,215000,83000,0.3,7800
569,334,11.0,170.0,219000,85000,0.29,7820
540,275,18.0,170.0,200000,77000,0.3,7820
540,294,12.0,170.0,200000,77000,0.3,7820
589,343,16.0,170.0,200000,77000,0.3,7820
540,294,18.0,170.0,200000,77000,0.3,7820
589,343,14.0,170.0,200000,77000,0.3,7820
638,392,16.0,170.0,200000,77000,0.3,7820
510,314,17.0,170.0,200000,77000,0.3,7820
491,294,18.0,170.0,200000,77000,0.3,7820
589,392,15.0,170.0,200000,77000,0.3,7820
589,392,12.0,170.0,200000,77000,0.3,7820
441,245,18.0,170.0,215000,83000,0.3,7800
491,275,16.0,170.0,200000,77000,0.3,7820
589,491,15.0,170.0,200000,77000,0.3,7820
589,392,12.0,170.0,215000,83000,0.3,7840
687,540,12.0,170.0,200000,77000,0.3,7820
589,343,14.0,170.0,215000,83000,0.3,7800
785,589,16.0,170.0,215000,83000,0.3,7800
491,392,12.0,170.0,200000,77000,0.3,7820
441,343,18.0,170.0,212000,82000,0.29,7820
491,392,18.0,170.0,200000,77000,0.3,7820
638,540,12.0,170.0,200000,77000,0.3,7820
491,294,22.0,170.0,205000,79000,0.3,7830
491,294,17.0,170.0,205000,79000,0.3,7810
540,343,16.0,170.0,205000,79000,0.3,7830
540,343,14.0,170.0,205000,79000,0.3,7810
589,392,10.0,170.0,205000,79000,0.3,7800
736,392,14.0,170.0,205000,79000,0.3,7820
530,334,14.0,170.0,205000,79000,0.3,7820
589,343,14.0,170.0,200000,77000,0.3,7820
638,392,14.0,170.0,200000,77000,0.3,7820
785,589,14.0,170.0,200000,77000,0.3,7820
687,491,12.0,170.0,200000,77000,0.3,7820
638,441,10.0,170.0,200000,77000,0.3,7820
638,491,12.0,170.0,205000,79000,0.3,7850
687,589,14.0,170.0,200000,77000,0.3,7820
687,540,12.0,170.0,205000,79000,0.3,7840
785,638,10.0,170.0,205000,79000,0.3,7820
785,589,10.0,170.0,205000,79000,0.3,7800
736,589,12.0,170.0,200000,77000,0.3,7820
638,540,12.0,170.0,200000,77000,0.3,7820
785,638,12.0,170.0,200000,77000,0.3,7820
981,735,10.0,170.0,200000,77000,0.3,7820
1275,1079,6.0,170.0,200000,77000,0.3,7820
1324,1079,9.0,170.0,200000,77000,0.3,7820
638,491,12.0,170.0,200000,77000,0.3,7820
1275,1079,5.0,170.0,200000,77000,0.3,7820
1472,1177,5.0,170.0,200000,77000,0.3,7820
1766,1472,4.0,170.0,200000,77000,0.3,7820
1324,1275,8.0,170.0,200000,77000,0.3,7820
1472,1422,8.0,170.0,200000,77000,0.3,7820
638,491,16.0,170.0,219000,85000,0.29,7840
1270,1080,8.0,170.0,206000,80000,0.3,7860
1270,1175,6.0,170.0,206000,80000,0.3,7860
1270,1175,7.0,170.0,206000,80000,0.3,7860
1420,1325,6.0,170.0,206000,80000,0.3,7860
100,50,16.0,190.0,90000,36000,0.25,6800
150,75,16.0,210.0,90000,36000,0.25,7000
180,90,16.0,170.0,95000,38000,0.25,7050
200,100,16.0,230.0,100000,40000,0.25,7100
210,105,16.0,170.0,100000,40000,0.25,7150
240,120,16.0,170.0,105000,42000,0.25,7200
250,125,16.0,245.0,110000,44000,0.25,7200
300,150,16.0,260.0,120000,48000,0.25,7300
350,175,16.0,275.0,125000,50000,0.25,7400
350,220,22.0,155.0,170000,70000,0.21,7160
400,250,15.0,171.0,170000,70000,0.21,7160
450,310,10.0,182.0,170000,70000,0.21,7160
500,320,7.0,199.0,170000,70000,0.21,7160
600,370,3.0,234.0,180000,75000,0.2,7160
700,420,2.0,265.0,180000,75000,0.2,7160
800,480,2.0,299.0,180000,75000,0.2,7160
1000,700,2.0,315.0,185000,77000,0.2,7160
294,170,6.0,131.0,160000,64000,0.25,7160
323,190,8.0,131.0,160000,64000,0.25,7160
333,190,10.0,131.0,160000,64000,0.25,7160
362,210,12.0,136.0,160000,64000,0.25,7160
441,260,7.0,178.0,160000,64000,0.25,7160
490,290,5.0,200.0,160000,64000,0.25,7160
539,325,4.0,216.0,160000,64000,0.25,7160
588,350,3.0,234.0,160000,64000,0.25,7160
637,380,3.0,240.0,160000,64000,0.25,7160
686,410,2.0,263.0,160000,64000,0.25,7160
784,470,1.5,295.0,160000,64000,0.25,7160
400,180,4.0,220.0,160000,64000,0.25,7160
360,240,26.0,170.0,206000,80000,0.3,7860
630,370,14.0,170.0,206000,80000,0.3,7860
270,180,34.0,170.0,206000,80000,0.3,7860
270,240 max,34.0,170.0,206000,80000,0.3,7860
270,225 max,38.0,170.0,206000,80000,0.3,7860
330,155,27.0,170.0,206000,80000,0.3,7860
360,235,26.0,170.0,206000,80000,0.3,7860
410,255,23.0,170.0,206000,80000,0.3,7860
340,215,25.0,170.0,206000,80000,0.3,7860
340,215,25.0,170.0,206000,80000,0.3,7860
400,275,22.0,170.0,206000,80000,0.3,7860
400,255,23.0,170.0,206000,80000,0.3,7860
490,295,19.0,170.0,206000,80000,0.3,7860
490,355,20.0,170.0,206000,80000,0.3,7860
490,355,22.0,170.0,206000,80000,0.3,7860
590,335,15.0,170.0,206000,80000,0.3,7860
690,365,10.0,170.0,206000,80000,0.3,7860
490,350,16.0,170.0,206000,80000,0.3,7860
690,500,11.0,170.0,206000,80000,0.3,7860
440,270,21.0,170.0,206000,80000,0.3,7860
490,305,20.0,170.0,206000,80000,0.3,7860
570,365,18.0,170.0,206000,80000,0.3,7860
630,400,17.0,170.0,206000,80000,0.3,7860
670,430,16.0,170.0,206000,80000,0.3,7860
670,430,16.0,170.0,206000,80000,0.3,7860
710,460,15.0,170.0,206000,80000,0.3,7860
670,430,16.0,170.0,206000,80000,0.3,7860
750,490,14.0,170.0,206000,80000,0.3,7860
710,410,14.0,170.0,206000,80000,0.3,7860
750,490,14.0,170.0,206000,80000,0.3,7860
470,290,22.0,170.0,206000,80000,0.3,7860
670,500,16.0,170.0,206000,80000,0.3,7860
1500,1350,6.0,170.0,206000,80000,0.3,7860
780,590,14.0,170.0,206000,80000,0.3,7860
830,620,13.0,170.0,206000,80000,0.3,7860
880,600,12.0,170.0,206000,80000,0.3,7860
880,715,12.0,170.0,206000,80000,0.3,7860
880,685,12.0,170.0,206000,80000,0.3,7860
980,700,9.0,170.0,206000,80000,0.3,7860
1200,850,7.0,170.0,206000,80000,0.3,7860
1370,1180,6.0,170.0,206000,80000,0.3,7860
440,270,24.0,170.0,206000,80000,0.3,7860
450,295,20.0,170.0,206000,80000,0.3,7860
780,600,14.0,170.0,206000,80000,0.3,7860
880,700,12.0,170.0,206000,80000,0.3,7860
980,770,11.0,170.0,206000,80000,0.3,7860
980,815,11.0,170.0,206000,80000,0.3,7860
1320,1125,7.0,170.0,206000,80000,0.3,7860
900,720,13.0,170.0,206000,80000,0.3,7860
1030,810,10.0,170.0,206000,80000,0.3,7860
980,770,11.0,170.0,206000,80000,0.3,7860
1100,800,9.0,170.0,206000,80000,0.3,7860
1200,850,8.0,170.0,206000,80000,0.3,7860
1030,850,12.0,170.0,206000,80000,0.3,7860
420,225,20.0,170.0,206000,80000,0.3,7860
630,440,16.0,170.0,206000,80000,0.3,7860
730,540,14.0,170.0,206000,80000,0.3,7860
830,635,11.0,170.0,206000,80000,0.3,7860
440,245,18.0,170.0,206000,80000,0.3,7860
440,240,24.0,170.0,206000,80000,0.3,7860
900,700,14.0,170.0,206000,80000,0.3,7860
420,225,20.0,170.0,206000,80000,0.3,7860
590,410,16.0,170.0,206000,80000,0.3,7860
1000,800,7.0,170.0,206000,80000,0.3,7860
510,195,45.0,170.0,206000,80000,0.3,7860
510,205,40.0,170.0,206000,80000,0.3,7860
510,205,40.0,170.0,206000,80000,0.3,7860
450,185,45.0,170.0,206000,80000,0.3,7860
540,240,30.0,170.0,206000,80000,0.3,7860
590,240,30.0,170.0,206000,80000,0.3,7860
540,240,30.0,170.0,206000,80000,0.3,7860
540,240,30.0,170.0,206000,80000,0.3,7860
540,240,30.0,170.0,206000,80000,0.3,7860
540,240,30.0,170.0,206000,80000,0.3,7860
530,205,45.0,170.0,206000,80000,0.3,7860
490,216,40.0,170.0,206000,80000,0.3,7860
470,186,45.0,170.0,206000,80000,0.3,7860
480,195,45.0,170.0,206000,80000,0.3,7860
530,205,45.0,170.0,206000,80000,0.3,7860
950,600,8.0,170.0,206000,80000,0.3,7860
150,150,16.0,170.0,85000,34000,0.25,7160
200,200,16.0,170.0,85000,34000,0.25,7160
250,250,16.0,170.0,85000,34000,0.25,7160
300,300,16.0,170.0,85000,34000,0.25,7160
350,350,16.0,170.0,85000,34000,0.25,7160
500,320,16.0,170.0,169000,70000,0.2,7160
600,370,16.0,170.0,169000,70000,0.2,7160
700,420,16.0,170.0,169000,70000,0.2,7160
800,480,16.0,170.0,169000,70000,0.2,7160
400,180,4.0,170.0,160000,64000,0.27,7160
500,260,4.0,170.0,160000,64000,0.27,7160
460,375,8.0,170.0,206000,80000,0.3,7860
360,195,26.0,170.0,206000,80000,0.3,7860
440,305,20.0,170.0,206000,80000,0.3,7860
340,175,35.0,170.0,206000,80000,0.3,7860
470,355,20.0,170.0,206000,80000,0.3,7860
400,235,16.0,170.0,206000,80000,0.3,7860
490,275,19.0,170.0,206000,80000,0.3,7860
520,335,19.0,170.0,206000,80000,0.3,7860
520,335,19.0,170.0,206000,80000,0.3,7860
510,325,20.0,170.0,206000,80000,0.3,7860
620,460,12.0,170.0,206000,80000,0.3,7860
570,450,20.0,170.0,206000,80000,0.3,7860
420,300,16.0,170.0,206000,80000,0.3,7860
440,340,12.0,170.0,206000,80000,0.3,7860
420,250,22.0,170.0,206000,80000,0.3,7860
480,300,21.0,170.0,206000,80000,0.3,7860
540,340,20.0,170.0,206000,80000,0.3,7860
600,370,19.0,170.0,206000,80000,0.3,7860
630,400,18.0,170.0,206000,80000,0.3,7860
650,430,16.0,170.0,206000,80000,0.3,7860
700,460,15.0,170.0,206000,80000,0.3,7860
750,500,14.0,170.0,206000,80000,0.3,7860
780,510,13.0,170.0,206000,80000,0.3,7860
700,490,15.0,170.0,206000,80000,0.3,7860
770,570,14.0,170.0,206000,80000,0.3,7860
800,600,13.0,170.0,206000,80000,0.3,7860
880,640,12.0,170.0,206000,80000,0.3,7860
980,680,8.0,170.0,206000,80000,0.3,7860
1226,1079,9.0,170.0,206000,80000,0.3,7860
830,630,13.0,170.0,206000,80000,0.3,7860
880,660,12.0,170.0,206000,80000,0.3,7860
930,735,11.0,170.0,206000,80000,0.3,7860
860,680,12.0,170.0,206000,80000,0.3,7860
1226,1079,10.0,170.0,206000,80000,0.3,7860
930,680,10.0,170.0,206000,80000,0.3,7860
1100,800,9.0,170.0,206000,80000,0.3,7860
1100,900,10.0,170.0,206000,80000,0.3,7860
1200,1000,9.0,170.0,206000,80000,0.3,7860
588,392,25.0,170.0,206000,80000,0.3,7860
412,177,20.0,170.0,206000,80000,0.3,7860
539,343,25.0,170.0,206000,80000,0.3,7860
637,441,20.0,170.0,206000,80000,0.3,7860
735,539,12.0,170.0,206000,80000,0.3,7860
430,205,22.0,170.0,206000,80000,0.3,7860
785,588,15.0,170.0,206000,80000,0.3,7860
520,205,40.0,170.0,206000,80000,0.3,7860
520,205,40.0,170.0,206000,80000,0.3,7860
520,205,40.0,170.0,206000,80000,0.3,7860
480,175,40.0,170.0,206000,80000,0.3,7860
520,205,40.0,170.0,206000,80000,0.3,7860
480,175,40.0,170.0,206000,80000,0.3,7860
520,205,40.0,170.0,206000,80000,0.3,7860
930,685,15.0,170.0,206000,80000,0.3,7860
560,205,40.0,170.0,206000,80000,0.3,7860
590,205,40.0,170.0,206000,80000,0.3,7860
880,560,8.0,170.0,206000,80000,0.3,7860
150,150,16.0,170.0,85000,34000,0.25,7160
200,200,16.0,170.0,85000,34000,0.25,7160
250,250,16.0,170.0,85000,34000,0.25,7160
300,300,16.0,170.0,85000,34000,0.25,7160
350,350,16.0,170.0,85000,34000,0.25,7160
500,320,16.0,170.0,169000,70000,0.2,7160
600,370,16.0,170.0,169000,70000,0.2,7160
700,420,16.0,170.0,169000,70000,0.2,7160
800,480,16.0,170.0,169000,70000,0.2,7160
400,180,4.0,170.0,160000,64000,0.27,7160
500,260,4.0,170.0,160000,64000,0.27,7160
