{"trial_id": "0015", "hyperparameters": {"space": [{"class_name": "Int", "config": {"name": "units_input", "default": null, "conditions": [], "min_value": 32, "max_value": 128, "step": 32, "sampling": "linear"}}, {"class_name": "Int", "config": {"name": "num_layers", "default": null, "conditions": [], "min_value": 1, "max_value": 3, "step": 1, "sampling": "linear"}}, {"class_name": "Int", "config": {"name": "units_0", "default": null, "conditions": [], "min_value": 32, "max_value": 128, "step": 32, "sampling": "linear"}}, {"class_name": "Boolean", "config": {"name": "dropout_0", "default": false, "conditions": []}}, {"class_name": "Float", "config": {"name": "learning_rate", "default": 1e-05, "conditions": [], "min_value": 1e-05, "max_value": 0.01, "step": null, "sampling": "log"}}, {"class_name": "Int", "config": {"name": "units_1", "default": null, "conditions": [], "min_value": 32, "max_value": 128, "step": 32, "sampling": "linear"}}, {"class_name": "Boolean", "config": {"name": "dropout_1", "default": false, "conditions": []}}, {"class_name": "Int", "config": {"name": "units_2", "default": null, "conditions": [], "min_value": 32, "max_value": 128, "step": 32, "sampling": "linear"}}, {"class_name": "Boolean", "config": {"name": "dropout_2", "default": false, "conditions": []}}], "values": {"units_input": 64, "num_layers": 2, "units_0": 96, "dropout_0": false, "learning_rate": 0.0002240466341792675, "units_1": 128, "dropout_1": false, "units_2": 128, "dropout_2": false, "tuner/epochs": 4, "tuner/initial_epoch": 2, "tuner/bracket": 2, "tuner/round": 1, "tuner/trial_id": "0011"}}, "metrics": {"metrics": {"loss": {"direction": "min", "observations": [{"value": [0.658547580242157], "step": 1}]}, "mae": {"direction": "min", "observations": [{"value": [0.45339787006378174], "step": 1}]}, "val_loss": {"direction": "min", "observations": [{"value": [0.4695596396923065], "step": 1}]}, "val_mae": {"direction": "min", "observations": [{"value": [0.4016455113887787], "step": 1}]}}}, "score": 0.4695596396923065, "best_step": 1, "status": "COMPLETED", "message": null}