{"trial_id": "0013", "hyperparameters": {"space": [{"class_name": "Int", "config": {"name": "units_input", "default": null, "conditions": [], "min_value": 32, "max_value": 128, "step": 32, "sampling": "linear"}}, {"class_name": "Int", "config": {"name": "num_layers", "default": null, "conditions": [], "min_value": 1, "max_value": 3, "step": 1, "sampling": "linear"}}, {"class_name": "Int", "config": {"name": "units_0", "default": null, "conditions": [], "min_value": 32, "max_value": 128, "step": 32, "sampling": "linear"}}, {"class_name": "Boolean", "config": {"name": "dropout_0", "default": false, "conditions": []}}, {"class_name": "Float", "config": {"name": "learning_rate", "default": 1e-05, "conditions": [], "min_value": 1e-05, "max_value": 0.01, "step": null, "sampling": "log"}}, {"class_name": "Int", "config": {"name": "units_1", "default": null, "conditions": [], "min_value": 32, "max_value": 128, "step": 32, "sampling": "linear"}}, {"class_name": "Boolean", "config": {"name": "dropout_1", "default": false, "conditions": []}}, {"class_name": "Int", "config": {"name": "units_2", "default": null, "conditions": [], "min_value": 32, "max_value": 128, "step": 32, "sampling": "linear"}}, {"class_name": "Boolean", "config": {"name": "dropout_2", "default": false, "conditions": []}}], "values": {"units_input": 96, "num_layers": 1, "units_0": 128, "dropout_0": false, "learning_rate": 0.0008897219433857593, "units_1": 96, "dropout_1": false, "units_2": 96, "dropout_2": false, "tuner/epochs": 4, "tuner/initial_epoch": 2, "tuner/bracket": 2, "tuner/round": 1, "tuner/trial_id": "0004"}}, "metrics": {"metrics": {"loss": {"direction": "min", "observations": [{"value": [0.6013851761817932], "step": 1}]}, "mae": {"direction": "min", "observations": [{"value": [0.41493871808052063], "step": 1}]}, "val_loss": {"direction": "min", "observations": [{"value": [0.42748895287513733], "step": 1}]}, "val_mae": {"direction": "min", "observations": [{"value": [0.3725869655609131], "step": 1}]}}}, "score": 0.42748895287513733, "best_step": 1, "status": "COMPLETED", "message": null}