{"trial_id": "17", "hyperparameters": {"space": [{"class_name": "Int", "config": {"name": "units_input", "default": null, "conditions": [], "min_value": 32, "max_value": 64, "step": 32, "sampling": "linear"}}, {"class_name": "Int", "config": {"name": "num_layers", "default": null, "conditions": [], "min_value": 1, "max_value": 2, "step": 1, "sampling": "linear"}}, {"class_name": "Int", "config": {"name": "units_0", "default": null, "conditions": [], "min_value": 32, "max_value": 64, "step": 32, "sampling": "linear"}}, {"class_name": "Boolean", "config": {"name": "dropout_0", "default": false, "conditions": []}}, {"class_name": "Float", "config": {"name": "learning_rate", "default": 1e-05, "conditions": [], "min_value": 1e-05, "max_value": 0.01, "step": null, "sampling": "log"}}, {"class_name": "Int", "config": {"name": "units_1", "default": null, "conditions": [], "min_value": 32, "max_value": 64, "step": 32, "sampling": "linear"}}, {"class_name": "Boolean", "config": {"name": "dropout_1", "default": false, "conditions": []}}], "values": {"units_input": 32, "num_layers": 1, "units_0": 32, "dropout_0": false, "learning_rate": 0.00015436483948593908, "units_1": 32, "dropout_1": true}}, "metrics": {"metrics": {"loss": {"direction": "min", "observations": [{"value": [0.8309240341186523], "step": 4}]}, "mae": {"direction": "min", "observations": [{"value": [0.5468505024909973], "step": 4}]}, "val_loss": {"direction": "min", "observations": [{"value": [0.6591971516609192], "step": 4}]}, "val_mae": {"direction": "min", "observations": [{"value": [0.5190162062644958], "step": 4}]}}}, "score": 0.6591971516609192, "best_step": 4, "status": "COMPLETED", "message": null}