{"trial_id": "0000", "hyperparameters": {"space": [{"class_name": "Int", "config": {"name": "units_input", "default": null, "conditions": [], "min_value": 32, "max_value": 128, "step": 32, "sampling": "linear"}}, {"class_name": "Int", "config": {"name": "num_layers", "default": null, "conditions": [], "min_value": 1, "max_value": 3, "step": 1, "sampling": "linear"}}, {"class_name": "Int", "config": {"name": "units_0", "default": null, "conditions": [], "min_value": 32, "max_value": 128, "step": 32, "sampling": "linear"}}, {"class_name": "Boolean", "config": {"name": "dropout_0", "default": false, "conditions": []}}, {"class_name": "Float", "config": {"name": "learning_rate", "default": 1e-05, "conditions": [], "min_value": 1e-05, "max_value": 0.01, "step": null, "sampling": "log"}}, {"class_name": "Int", "config": {"name": "units_1", "default": null, "conditions": [], "min_value": 32, "max_value": 128, "step": 32, "sampling": "linear"}}, {"class_name": "Boolean", "config": {"name": "dropout_1", "default": false, "conditions": []}}, {"class_name": "Int", "config": {"name": "units_2", "default": null, "conditions": [], "min_value": 32, "max_value": 128, "step": 32, "sampling": "linear"}}, {"class_name": "Boolean", "config": {"name": "dropout_2", "default": false, "conditions": []}}], "values": {"units_input": 128, "num_layers": 3, "units_0": 96, "dropout_0": false, "learning_rate": 1.4174060741889581e-05, "tuner/epochs": 2, "tuner/initial_epoch": 0, "tuner/bracket": 2, "tuner/round": 0, "units_1": 32, "dropout_1": false, "units_2": 32, "dropout_2": false}}, "metrics": {"metrics": {"loss": {"direction": "min", "observations": [{"value": [0.870659351348877], "step": 1}]}, "mae": {"direction": "min", "observations": [{"value": [0.5560384392738342], "step": 1}]}, "val_loss": {"direction": "min", "observations": [{"value": [0.6929126381874084], "step": 1}]}, "val_mae": {"direction": "min", "observations": [{"value": [0.5270862579345703], "step": 1}]}}}, "score": 0.6929126381874084, "best_step": 1, "status": "COMPLETED", "message": null}