{"trial_id": "0025", "hyperparameters": {"space": [{"class_name": "Int", "config": {"name": "units_input", "default": null, "conditions": [], "min_value": 32, "max_value": 128, "step": 32, "sampling": "linear"}}, {"class_name": "Int", "config": {"name": "num_layers", "default": null, "conditions": [], "min_value": 1, "max_value": 3, "step": 1, "sampling": "linear"}}, {"class_name": "Int", "config": {"name": "units_0", "default": null, "conditions": [], "min_value": 32, "max_value": 128, "step": 32, "sampling": "linear"}}, {"class_name": "Boolean", "config": {"name": "dropout_0", "default": false, "conditions": []}}, {"class_name": "Float", "config": {"name": "learning_rate", "default": 1e-05, "conditions": [], "min_value": 1e-05, "max_value": 0.01, "step": null, "sampling": "log"}}, {"class_name": "Int", "config": {"name": "units_1", "default": null, "conditions": [], "min_value": 32, "max_value": 128, "step": 32, "sampling": "linear"}}, {"class_name": "Boolean", "config": {"name": "dropout_1", "default": false, "conditions": []}}, {"class_name": "Int", "config": {"name": "units_2", "default": null, "conditions": [], "min_value": 32, "max_value": 128, "step": 32, "sampling": "linear"}}, {"class_name": "Boolean", "config": {"name": "dropout_2", "default": false, "conditions": []}}], "values": {"units_input": 128, "num_layers": 3, "units_0": 128, "dropout_0": false, "learning_rate": 0.0015218880956653449, "units_1": 96, "dropout_1": false, "units_2": 128, "dropout_2": true, "tuner/epochs": 10, "tuner/initial_epoch": 4, "tuner/bracket": 1, "tuner/round": 1, "tuner/trial_id": "0020"}}, "metrics": {"metrics": {"loss": {"direction": "min", "observations": [{"value": [0.5043631196022034], "step": 5}]}, "mae": {"direction": "min", "observations": [{"value": [0.40445271134376526], "step": 5}]}, "val_loss": {"direction": "min", "observations": [{"value": [0.3582797348499298], "step": 5}]}, "val_mae": {"direction": "min", "observations": [{"value": [0.34232962131500244], "step": 5}]}}}, "score": 0.3582797348499298, "best_step": 5, "status": "COMPLETED", "message": null}